Date,Ticker,Price,Daily_Return,SPY_Close,SPY_Return,QQQ_Close,QQQ_Return,Excess_Return,VIX_Close,VIX_Daily_Change,Positive,Negative,Net_Count,Avg_Intensity,Target
2025-09-09,AMD,155.82000732421875,0.029126237074472705,643.203125,0.002311789288386157,577.7275390625,0.002833109098061337,0.026814447786086548,,,0.0,0.0,0.0,0.0,1
2025-09-09,COST,975.1175537109375,0.0076144099291133305,643.203125,0.002311789288386157,577.7275390625,0.002833109098061337,0.005302620640727174,,,0.0,0.0,0.0,0.0,0
2025-09-09,GOOGL,239.30490112304688,0.02388485755524039,643.203125,0.002311789288386157,577.7275390625,0.002833109098061337,0.021573068266854234,,,0.0,0.0,0.0,0.0,0
2025-09-09,NVDA,170.7316131591797,0.014556426417988044,643.203125,0.002311789288386157,577.7275390625,0.002833109098061337,0.012244637129601887,,,0.0,0.0,0.0,0.0,1
2025-09-09,TSLA,346.9700012207031,0.001645517708609212,643.203125,0.002311789288386157,577.7275390625,0.002833109098061337,-0.0006662715797769447,,,0.0,0.0,0.0,0.0,1
2025-09-10,AMD,159.5399932861328,0.023873609209719815,645.0625,0.002890805295761023,577.9166259765625,0.0003272942715684124,0.020982803913958792,,,0.0,0.0,0.0,0.0,0
2025-09-10,COST,952.25439453125,-0.023446567126885087,645.0625,0.002890805295761023,577.9166259765625,0.0003272942715684124,-0.02633737242264611,,,0.0,0.0,0.0,0.0,1
2025-09-10,GOOGL,238.84552001953125,-0.0019196477019892688,645.0625,0.002890805295761023,577.9166259765625,0.0003272942715684124,-0.004810452997750292,,,0.0,0.0,0.0,0.0,1
2025-09-10,NVDA,177.300537109375,0.03847514721289991,645.0625,0.002890805295761023,577.9166259765625,0.0003272942715684124,0.035584341917138884,,,0.0,0.0,0.0,0.0,0
2025-09-10,TSLA,347.7900085449219,0.0023633378140295314,645.0625,0.002890805295761023,577.9166259765625,0.0003272942715684124,-0.0005274674817314917,,,0.0,0.0,0.0,0.0,1
2025-09-11,AMD,155.6699981689453,-0.024257209978984506,650.4231567382812,0.008310290457562264,581.2804565429688,0.005820615665316886,-0.03256750043654677,,,0.0,0.0,0.0,0.0,1
2025-09-11,COST,960.25048828125,0.008397014280974835,650.4231567382812,0.008310290457562264,581.2804565429688,0.005820615665316886,8.672382341257112e-05,,,0.0,0.0,0.0,0.0,1
2025-09-11,GOOGL,240.0438995361328,0.0050173832714282,650.4231567382812,0.008310290457562264,581.2804565429688,0.005820615665316886,-0.003292907186134064,,,0.0,0.0,0.0,0.0,1
2025-09-11,NVDA,177.1505584716797,-0.0008459006393353175,650.4231567382812,0.008310290457562264,581.2804565429688,0.005820615665316886,-0.009156191096897581,,,0.0,0.0,0.0,0.0,1
2025-09-11,TSLA,368.80999755859375,0.06043873744853956,650.4231567382812,0.008310290457562264,581.2804565429688,0.005820615665316886,0.052128446990977295,,,0.0,0.0,0.0,0.0,1
2025-09-12,AMD,158.57000732421875,0.018629210441218902,650.2054443359375,-0.00033472424849623206,583.8480834960938,0.004417191261504527,0.018963934689715134,,,0.0,0.0,0.0,0.0,1
2025-09-12,COST,963.8155517578125,0.003712639066649759,650.2054443359375,-0.00033472424849623206,583.8480834960938,0.004417191261504527,0.004047363315145991,,,0.0,0.0,0.0,0.0,0
2025-09-12,GOOGL,240.4733123779297,0.00178889295927398,650.2054443359375,-0.00033472424849623206,583.8480834960938,0.004417191261504527,0.002123617207770212,,,0.0,0.0,0.0,0.0,1
2025-09-12,NVDA,177.80047607421875,0.003668730192814884,650.2054443359375,-0.00033472424849623206,583.8480834960938,0.004417191261504527,0.004003454441311116,,,0.0,0.0,0.0,0.0,0
2025-09-12,TSLA,395.94000244140625,0.07356092584909457,650.2054443359375,-0.00033472424849623206,583.8480834960938,0.004417191261504527,0.0738956500975908,,,0.0,0.0,0.0,0.0,1
2025-09-15,AMD,161.16000366210938,0.016333456632785515,653.6671142578125,0.0053239632981088025,588.843994140625,0.008556867421086078,0.011009493334676712,,,0.0,0.0,0.0,0.0,0
2025-09-15,COST,956.04833984375,-0.008058815714165002,653.6671142578125,0.0053239632981088025,588.843994140625,0.008556867421086078,-0.013382779012273804,,,0.0,0.0,0.0,0.0,0
2025-09-15,GOOGL,251.26864624023438,0.04489202463073605,653.6671142578125,0.0053239632981088025,588.843994140625,0.008556867421086078,0.03956806133262725,,,0.0,0.0,0.0,0.0,0
2025-09-15,NVDA,177.73048400878906,-0.00039365510697775274,653.6671142578125,0.0053239632981088025,588.843994140625,0.008556867421086078,-0.005717618405086555,,,0.0,0.0,0.0,0.0,0
2025-09-15,TSLA,410.0400085449219,0.03561147147692467,653.6671142578125,0.0053239632981088025,588.843994140625,0.008556867421086078,0.03028750817881587,,,0.0,0.0,0.0,0.0,1
2025-09-16,AMD,160.4600067138672,-0.004343490520823057,652.7671508789062,-0.0013767915798059693,588.3463745117188,-0.0008450788899231343,-0.0029666989410170874,,,0.0,0.0,0.0,0.0,0
2025-09-16,COST,948.05224609375,-0.0083636918937664,652.7671508789062,-0.0013767915798059693,588.3463745117188,-0.0008450788899231343,-0.006986900313960431,,,0.0,0.0,0.0,0.0,1
2025-09-16,GOOGL,250.8192596435547,-0.001788470640503359,652.7671508789062,-0.0013767915798059693,588.3463745117188,-0.0008450788899231343,-0.0004116790606973897,,,0.0,0.0,0.0,0.0,0
2025-09-16,NVDA,174.86080932617188,-0.016146215426247723,652.7671508789062,-0.0013767915798059693,588.3463745117188,-0.0008450788899231343,-0.014769423846441754,,,0.0,0.0,0.0,0.0,0
2025-09-16,TSLA,421.6199951171875,0.028241113869250656,652.7671508789062,-0.0013767915798059693,588.3463745117188,-0.0008450788899231343,0.029617905449056625,,,0.0,0.0,0.0,0.0,1
2025-09-17,AMD,159.16000366210938,-0.008101726270496656,651.9561767578125,-0.0012423635595048,587.172119140625,-0.001995857239824539,-0.0068593627109918565,15.720000267028809,,0.0,0.0,0.0,0.0,0
2025-09-17,COST,958.9660034179688,0.011511767805188589,651.9561767578125,-0.0012423635595048,587.172119140625,-0.001995857239824539,0.012754131364693388,15.720000267028809,,0.0,0.0,0.0,0.0,0
2025-09-17,GOOGL,249.19146728515625,-0.006489901775133755,651.9561767578125,-0.0012423635595048,587.172119140625,-0.001995857239824539,-0.005247538215628955,15.720000267028809,,0.0,0.0,0.0,0.0,1
2025-09-17,NVDA,170.27130126953125,-0.0262466362492908,651.9561767578125,-0.0012423635595048,587.172119140625,-0.001995857239824539,-0.025004272689786,15.720000267028809,,0.0,0.0,0.0,0.0,1
2025-09-17,TSLA,425.8599853515625,0.01005642588937583,651.9561767578125,-0.0012423635595048,587.172119140625,-0.001995857239824539,0.01129878944888063,15.720000267028809,,0.0,0.0,0.0,0.0,0
2025-09-18,AMD,157.9199981689453,-0.0077909365709525336,655.0023193359375,0.0046723118619314,592.4666137695312,0.009016938060095958,-0.012463248432883933,15.699999809265137,-0.0012722937292578562,0.0,0.0,0.0,0.0,0
2025-09-18,COST,948.3409423828125,-0.011079705638454507,655.0023193359375,0.0046723118619314,592.4666137695312,0.009016938060095958,-0.015752017500385906,15.699999809265137,-0.0012722937292578562,0.0,0.0,0.0,0.0,0
2025-09-18,GOOGL,251.68807983398438,0.010018852475278228,655.0023193359375,0.0046723118619314,592.4666137695312,0.009016938060095958,0.0053465406133468285,15.699999809265137,-0.0012722937292578562,0.0,0.0,0.0,0.0,1
2025-09-18,NVDA,176.2206573486328,0.034940451119733984,655.0023193359375,0.0046723118619314,592.4666137695312,0.009016938060095958,0.030268139257802584,15.699999809265137,-0.0012722937292578562,0.0,0.0,0.0,0.0,1
2025-09-18,TSLA,416.8500061035156,-0.021157139806429193,655.0023193359375,0.0046723118619314,592.4666137695312,0.009016938060095958,-0.025829451668360592,15.699999809265137,-0.0012722937292578562,0.0,0.0,0.0,0.0,1
2025-09-19,AMD,157.38999938964844,-0.003356121994947503,658.2465209960938,0.004952962095531754,596.4771728515625,0.0067692575224016505,-0.008309084090479257,15.449999809265137,-0.01592356707243181,0.0,0.0,0.0,0.0,1
2025-09-19,COST,947.1460571289062,-0.0012599743409832387,658.2465209960938,0.004952962095531754,596.4771728515625,0.0067692575224016505,-0.006212936436514993,15.449999809265137,-0.01592356707243181,0.0,0.0,0.0,0.0,0
2025-09-19,GOOGL,254.3744354248047,0.010673352478958398,658.2465209960938,0.004952962095531754,596.4771728515625,0.0067692575224016505,0.005720390383426643,15.449999809265137,-0.01592356707243181,0.0,0.0,0.0,0.0,0
2025-09-19,NVDA,176.6505889892578,0.0024397346321005653,658.2465209960938,0.004952962095531754,596.4771728515625,0.0067692575224016505,-0.002513227463431189,15.449999809265137,-0.01592356707243181,0.0,0.0,0.0,0.0,1
2025-09-19,TSLA,426.07000732421875,0.022118270566640064,658.2465209960938,0.004952962095531754,596.4771728515625,0.0067692575224016505,0.01716530847110831,15.449999809265137,-0.01592356707243181,0.0,0.0,0.0,0.0,1
2025-09-22,AMD,159.7899932861328,0.015248706434916048,661.3607177734375,0.004731049353107419,600.0083618164062,0.005920073936714676,0.010517657081808629,16.100000381469727,0.04207123496628107,0.0,0.0,0.0,0.0,1
2025-09-22,COST,939.2794799804688,-0.00830555867199989,661.3607177734375,0.004731049353107419,600.0083618164062,0.005920073936714676,-0.01303660802510731,16.100000381469727,0.04207123496628107,0.0,0.0,0.0,0.0,1
2025-09-22,GOOGL,252.18740844726562,-0.008597668133933034,661.3607177734375,0.004731049353107419,600.0083618164062,0.005920073936714676,-0.013328717487040453,16.100000381469727,0.04207123496628107,0.0,0.0,0.0,0.0,0
2025-09-22,NVDA,183.58984375,0.039282375453410845,661.3607177734375,0.004731049353107419,600.0083618164062,0.005920073936714676,0.034551326100303426,16.100000381469727,0.04207123496628107,0.0,0.0,0.0,0.0,0
2025-09-22,TSLA,434.2099914550781,0.019104804353584193,661.3607177734375,0.004731049353107419,600.0083618164062,0.005920073936714676,0.014373755000476773,16.100000381469727,0.04207123496628107,0.0,0.0,0.0,0.0,0
2025-09-23,AMD,160.89999389648438,0.006946621546969567,657.7606201171875,-0.005443470649980853,596.02294921875,-0.006642261760471446,0.01239009219695042,16.639999389648438,0.0335403102723042,0.0,0.0,0.0,0.0,0
2025-09-23,COST,939.6179809570312,0.0003603836597916299,657.7606201171875,-0.005443470649980853,596.02294921875,-0.006642261760471446,0.005803854309772483,16.639999389648438,0.0335403102723042,0.0,0.0,0.0,0.0,1
2025-09-23,GOOGL,251.31858825683594,-0.0034451370739684295,657.7606201171875,-0.005443470649980853,596.02294921875,-0.006642261760471446,0.0019983335760124232,16.639999389648438,0.0335403102723042,0.0,0.0,0.0,0.0,0
2025-09-23,NVDA,178.410400390625,-0.028212036426306986,657.7606201171875,-0.005443470649980853,596.02294921875,-0.006642261760471446,-0.022768565776326133,16.639999389648438,0.0335403102723042,0.0,0.0,0.0,0.0,0
2025-09-23,TSLA,425.8500061035156,-0.019253323313789705,657.7606201171875,-0.005443470649980853,596.02294921875,-0.006642261760471446,-0.013809852663808853,16.639999389648438,0.0335403102723042,0.0,0.0,0.0,0.0,1
2025-09-24,AMD,160.8800048828125,-0.00012423253219473462,655.6678466796875,-0.0031816642308674092,593.9305419921875,-0.0035106152024937387,0.0030574316986726746,16.18000030517578,-0.02764417676354103,0.0,0.0,0.0,0.0,1
2025-09-24,COST,941.2809448242188,0.0017698297615522662,655.6678466796875,-0.0031816642308674092,593.9305419921875,-0.0035106152024937387,0.0049514939924196755,16.18000030517578,-0.02764417676354103,0.0,0.0,0.0,0.0,0
2025-09-24,GOOGL,246.80471801757812,-0.01796074962288441,655.6678466796875,-0.0031816642308674092,593.9305419921875,-0.0035106152024937387,-0.014779085392017,16.18000030517578,-0.02764417676354103,0.0,0.0,0.0,0.0,0
2025-09-24,NVDA,176.9505615234375,-0.008182476268150385,655.6678466796875,-0.0031816642308674092,593.9305419921875,-0.0035106152024937387,-0.005000812037282976,16.18000030517578,-0.02764417676354103,0.0,0.0,0.0,0.0,1
2025-09-24,TSLA,442.7900085449219,0.03977927016229388,655.6678466796875,-0.0031816642308674092,593.9305419921875,-0.0035106152024937387,0.04296093439316129,16.18000030517578,-0.02764417676354103,0.0,0.0,0.0,0.0,0
2025-09-25,AMD,161.27000427246094,0.002424163213648134,652.6429443359375,-0.004613467564511753,591.3699340820312,-0.004311291858417277,0.007037630778159887,16.739999771118164,0.03461059674784095,0.0,0.0,0.0,0.0,0
2025-09-25,COST,939.3292236328125,-0.002073473602263065,652.6429443359375,-0.004613467564511753,591.3699340820312,-0.004311291858417277,0.002539993962248688,16.739999771118164,0.03461059674784095,0.0,0.0,0.0,0.0,0
2025-09-25,GOOGL,245.45652770996094,-0.005462579153455049,652.6429443359375,-0.004613467564511753,591.3699340820312,-0.004311291858417277,-0.0008491115889432965,16.739999771118164,0.03461059674784095,0.0,0.0,0.0,0.0,1
2025-09-25,NVDA,177.67050170898438,0.00406859508864299,652.6429443359375,-0.004613467564511753,591.3699340820312,-0.004311291858417277,0.008682062653154743,16.739999771118164,0.03461059674784095,0.0,0.0,0.0,0.0,1
2025-09-25,TSLA,423.3900146484375,-0.04381307961359793,652.6429443359375,-0.004613467564511753,591.3699340820312,-0.004311291858417277,-0.039199612049086174,16.739999771118164,0.03461059674784095,0.0,0.0,0.0,0.0,1
2025-09-26,AMD,159.4600067138672,-0.011223398714219734,656.3820190429688,0.005729127602591033,593.801025390625,0.004110948441042206,-0.016952526316810768,15.289999961853027,-0.08661886673181729,0.0,0.0,0.0,0.0,1
2025-09-26,COST,912.0846557617188,-0.02900428006032496,656.3820190429688,0.005729127602591033,593.801025390625,0.004110948441042206,-0.034733407662915994,15.289999961853027,-0.08661886673181729,0.0,0.0,0.0,0.0,1
2025-09-26,GOOGL,246.2055206298828,0.0030514279938276268,656.3820190429688,0.005729127602591033,593.801025390625,0.004110948441042206,-0.0026776996087634064,15.289999961853027,-0.08661886673181729,0.0,0.0,0.0,0.0,0
2025-09-26,NVDA,178.17044067382812,0.00281385463560313,656.3820190429688,0.005729127602591033,593.801025390625,0.004110948441042206,-0.002915272966987903,15.289999961853027,-0.08661886673181729,0.0,0.0,0.0,0.0,1
2025-09-26,TSLA,440.3999938964844,0.0401756741055197,656.3820190429688,0.005729127602591033,593.801025390625,0.004110948441042206,0.034446546502928665,15.289999961853027,-0.08661886673181729,0.0,0.0,0.0,0.0,1
2025-09-29,AMD,161.36000061035156,0.01191517506890416,658.2266845703125,0.0028103535347194786,596.5509643554688,0.004631078168035652,0.009104821534184682,16.1200008392334,0.05428390316881204,0.0,0.0,0.0,0.0,1
2025-09-29,COST,913.0008544921875,0.0010045106281320049,658.2266845703125,0.0028103535347194786,596.5509643554688,0.004631078168035652,-0.0018058429065874737,16.1200008392334,0.05428390316881204,0.0,0.0,0.0,0.0,1
2025-09-29,GOOGL,243.71890258789062,-0.010099765576460307,658.2266845703125,0.0028103535347194786,596.5509643554688,0.004631078168035652,-0.012910119111179785,16.1200008392334,0.05428390316881204,0.0,0.0,0.0,0.0,0
2025-09-29,NVDA,181.83004760742188,0.020539921884648038,658.2266845703125,0.0028103535347194786,596.5509643554688,0.004631078168035652,0.01772956834992856,16.1200008392334,0.05428390316881204,0.0,0.0,0.0,0.0,1
2025-09-29,TSLA,443.2099914550781,0.00638055766924972,658.2266845703125,0.0028103535347194786,596.5509643554688,0.004631078168035652,0.0035702041345302415,16.1200008392334,0.05428390316881204,0.0,0.0,0.0,0.0,1
2025-09-30,AMD,161.7899932861328,0.002664803384697434,660.7061157226562,0.003766834755358328,598.18505859375,0.00273923660495079,-0.0011020313706608942,16.280000686645508,0.00992554833016479,0.0,0.0,0.0,0.0,1
2025-09-30,COST,921.7238159179688,0.009554165675598414,660.7061157226562,0.003766834755358328,598.18505859375,0.00273923660495079,0.005787330920240086,16.280000686645508,0.00992554833016479,0.0,0.0,0.0,0.0,0
2025-09-30,GOOGL,242.77020263671875,-0.0038925989781598558,660.7061157226562,0.003766834755358328,598.18505859375,0.00273923660495079,-0.007659433733518184,16.280000686645508,0.00992554833016479,0.0,0.0,0.0,0.0,1
2025-09-30,NVDA,186.55950927734375,0.026010341701790507,660.7061157226562,0.003766834755358328,598.18505859375,0.00273923660495079,0.02224350694643218,16.280000686645508,0.00992554833016479,0.0,0.0,0.0,0.0,1
2025-09-30,TSLA,444.7200012207031,0.0034069849388267404,660.7061157226562,0.003766834755358328,598.18505859375,0.00273923660495079,-0.00035984981653158776,16.280000686645508,0.00992554833016479,0.0,0.0,0.0,0.0,1
2025-10-01,AMD,164.00999450683594,0.01372149893582697,662.95751953125,0.0034075722246513784,601.0545043945312,0.004796919882163131,0.010313926711175592,16.290000915527344,0.0006142646474234237,0.0,0.0,0.0,0.0,1
2025-10-01,COST,913.4688110351562,-0.008956050326844545,662.95751953125,0.0034075722246513784,601.0545043945312,0.004796919882163131,-0.012363622551495923,16.290000915527344,0.0006142646474234237,0.0,0.0,0.0,0.0,0
2025-10-01,GOOGL,244.5677490234375,0.007404312255769652,662.95751953125,0.0034075722246513784,601.0545043945312,0.004796919882163131,0.003996740031118273,16.290000915527344,0.0006142646474234237,0.0,0.0,0.0,0.0,1
2025-10-01,NVDA,187.21945190429688,0.0035374376225016935,662.95751953125,0.0034075722246513784,601.0545043945312,0.004796919882163131,0.00012986539785031503,16.290000915527344,0.0006142646474234237,0.0,0.0,0.0,0.0,1
2025-10-01,TSLA,459.4599914550781,0.033144428390707636,662.95751953125,0.0034075722246513784,601.0545043945312,0.004796919882163131,0.029736856166056258,16.290000915527344,0.0006142646474234237,0.0,0.0,0.0,0.0,0
2025-10-02,AMD,169.72999572753906,0.03487593081081841,663.7210693359375,0.0011517326256851312,603.5254516601562,0.004111020294430778,0.03372419818513328,16.6299991607666,0.020871591536571144,0.0,0.0,0.0,0.0,0
2025-10-02,COST,912.9012451171875,-0.0006213303739681653,663.7210693359375,0.0011517326256851312,603.5254516601562,0.004111020294430778,-0.0017730629996532965,16.6299991607666,0.020871591536571144,0.0,0.0,0.0,0.0,0
2025-10-02,GOOGL,245.356689453125,0.0032258563642906246,663.7210693359375,0.0011517326256851312,603.5254516601562,0.004111020294430778,0.0020741237386054934,16.6299991607666,0.020871591536571144,0.0,0.0,0.0,0.0,0
2025-10-02,NVDA,188.8692626953125,0.00881217616136909,663.7210693359375,0.0011517326256851312,603.5254516601562,0.004111020294430778,0.007660443535683958,16.6299991607666,0.020871591536571144,0.0,0.0,0.0,0.0,0
2025-10-02,TSLA,436.0,-0.051059922281332826,663.7210693359375,0.0011517326256851312,603.5254516601562,0.004111020294430778,-0.05221165490701796,16.6299991607666,0.020871591536571144,0.0,0.0,0.0,0.0,0
2025-10-03,AMD,164.6699981689453,-0.02981204080577704,663.7112426757812,-1.4805406382656372e-05,600.9848022460938,-0.004209680647392355,-0.029797235399394384,16.649999618530273,0.001202673407877164,0.0,0.0,0.0,0.0,1
2025-10-03,COST,911.51708984375,-0.001516215780010044,663.7112426757812,-1.4805406382656372e-05,600.9848022460938,-0.004209680647392355,-0.0015014103736273876,16.649999618530273,0.001202673407877164,0.0,0.0,0.0,0.0,0
2025-10-03,GOOGL,245.0171356201172,-0.0013839191984723609,663.7112426757812,-1.4805406382656372e-05,600.9848022460938,-0.004209680647392355,-0.0013691137920897045,16.649999618530273,0.001202673407877164,0.0,0.0,0.0,0.0,1
2025-10-03,NVDA,187.59939575195312,-0.006723523591067093,663.7112426757812,-1.4805406382656372e-05,600.9848022460938,-0.004209680647392355,-0.006708718184684437,16.649999618530273,0.001202673407877164,0.0,0.0,0.0,0.0,0
2025-10-03,TSLA,429.8299865722656,-0.014151406944344913,663.7112426757812,-1.4805406382656372e-05,600.9848022460938,-0.004209680647392355,-0.014136601537962257,16.649999618530273,0.001202673407877164,0.0,0.0,0.0,0.0,1
2025-10-06,AMD,203.7100067138672,0.23708027557556832,666.0914916992188,0.003586271966467658,605.498291015625,0.007510154587375251,0.23349400360910066,16.3700008392334,-0.016816743886603813,0.0,0.0,0.0,0.0,1
2025-10-06,COST,907.0958251953125,-0.004850446248018669,666.0914916992188,0.003586271966467658,605.498291015625,0.007510154587375251,-0.008436718214486327,16.3700008392334,-0.016816743886603813,0.0,0.0,0.0,0.0,1
2025-10-06,GOOGL,250.09024047851562,0.02070510230053446,666.0914916992188,0.003586271966467658,605.498291015625,0.007510154587375251,0.017118830334066804,16.3700008392334,-0.016816743886603813,0.0,0.0,0.0,0.0,0
2025-10-06,NVDA,185.51962280273438,-0.011086245458746924,666.0914916992188,0.003586271966467658,605.498291015625,0.007510154587375251,-0.014672517425214582,16.3700008392334,-0.016816743886603813,0.0,0.0,0.0,0.0,0
2025-10-06,TSLA,453.25,0.054486690457546505,666.0914916992188,0.003586271966467658,605.498291015625,0.007510154587375251,0.05090041849107885,16.3700008392334,-0.016816743886603813,0.0,0.0,0.0,0.0,0
2025-10-07,AMD,211.50999450683594,0.03828966440477655,663.6219482421875,-0.0037075138893177817,602.3099365234375,-0.005265670505592235,0.04199717829409433,17.239999771118164,0.05314593080531016,0.0,0.0,0.0,0.0,1
2025-10-07,COST,910.9395751953125,0.004237424418938707,663.6219482421875,-0.0037075138893177817,602.3099365234375,-0.005265670505592235,0.007944938308256488,17.239999771118164,0.05314593080531016,0.0,0.0,0.0,0.0,0
2025-10-07,GOOGL,245.42657470703125,-0.01864793189274816,663.6219482421875,-0.0037075138893177817,602.3099365234375,-0.005265670505592235,-0.014940418003430378,17.239999771118164,0.05314593080531016,0.0,0.0,0.0,0.0,0
2025-10-07,NVDA,185.01968383789062,-0.002694803694029413,663.6219482421875,-0.0037075138893177817,602.3099365234375,-0.005265670505592235,0.0010127101952883688,17.239999771118164,0.05314593080531016,0.0,0.0,0.0,0.0,1
2025-10-07,TSLA,433.0899963378906,-0.044478772558432134,663.6219482421875,-0.0037075138893177817,602.3099365234375,-0.005265670505592235,-0.04077125866911435,17.239999771118164,0.05314593080531016,0.0,0.0,0.0,0.0,1
2025-10-08,AMD,235.55999755859375,0.11370622512583206,667.5791625976562,0.005963055269571305,609.2147216796875,0.011463840686581905,0.10774316985626076,16.299999237060547,-0.0545243936506532,0.0,0.0,0.0,0.0,0
2025-10-08,COST,910.9395751953125,0.0,667.5791625976562,0.005963055269571305,609.2147216796875,0.011463840686581905,-0.005963055269571305,16.299999237060547,-0.0545243936506532,0.0,0.0,0.0,0.0,1
2025-10-08,GOOGL,244.2881317138672,-0.0046386296778294644,667.5791625976562,0.005963055269571305,609.2147216796875,0.011463840686581905,-0.010601684947400769,16.299999237060547,-0.0545243936506532,0.0,0.0,0.0,0.0,0
2025-10-08,NVDA,189.0892333984375,0.021995224919487466,667.5791625976562,0.005963055269571305,609.2147216796875,0.011463840686581905,0.01603216964991616,16.299999237060547,-0.0545243936506532,0.0,0.0,0.0,0.0,1
2025-10-08,TSLA,438.69000244140625,0.012930352007360923,667.5791625976562,0.005963055269571305,609.2147216796875,0.011463840686581905,0.006967296737789619,16.299999237060547,-0.0545243936506532,0.0,0.0,0.0,0.0,0
2025-10-09,AMD,232.88999938964844,-0.011334684142544904,665.6452026367188,-0.002896974724933221,608.4774169921875,-0.0012102542195092658,-0.008437709417611683,16.43000030517578,0.007975526024544655,0.0,0.0,0.0,0.0,0
2025-10-09,COST,938.9110107421875,0.0307061371670867,665.6452026367188,-0.002896974724933221,608.4774169921875,-0.0012102542195092658,0.03360311189201992,16.43000030517578,0.007975526024544655,0.0,0.0,0.0,0.0,0
2025-10-09,GOOGL,241.2023162841797,-0.012631867983262879,665.6452026367188,-0.002896974724933221,608.4774169921875,-0.0012102542195092658,-0.009734893258329658,16.43000030517578,0.007975526024544655,0.0,0.0,0.0,0.0,0
2025-10-09,NVDA,192.54885864257812,0.018296257179543973,665.6452026367188,-0.002896974724933221,608.4774169921875,-0.0012102542195092658,0.021193231904477194,16.43000030517578,0.007975526024544655,0.0,0.0,0.0,0.0,0
2025-10-09,TSLA,435.5400085449219,-0.007180455170972544,665.6452026367188,-0.002896974724933221,608.4774169921875,-0.0012102542195092658,-0.004283480446039323,16.43000030517578,0.007975526024544655,0.0,0.0,0.0,0.0,0
2025-10-10,AMD,214.89999389648438,-0.07724679265022871,647.6542358398438,-0.027027862178845674,587.3546142578125,-0.03471419340226101,-0.05021893047138304,21.65999984741211,0.3183201123002275,0.0,0.0,0.0,0.0,1
2025-10-10,COST,926.0853881835938,-0.013660104537974727,647.6542358398438,-0.027027862178845674,587.3546142578125,-0.03471419340226101,0.013367757640870948,21.65999984741211,0.3183201123002275,0.0,0.0,0.0,0.0,1
2025-10-10,GOOGL,236.24905395507812,-0.020535716262632064,647.6542358398438,-0.027027862178845674,587.3546142578125,-0.03471419340226101,0.00649214591621361,21.65999984741211,0.3183201123002275,0.0,0.0,0.0,0.0,1
2025-10-10,NVDA,183.139892578125,-0.04886534322137259,647.6542358398438,-0.027027862178845674,587.3546142578125,-0.03471419340226101,-0.02183748104252692,21.65999984741211,0.3183201123002275,0.0,0.0,0.0,0.0,1
2025-10-10,TSLA,413.489990234375,-0.05062684914805626,647.6542358398438,-0.027027862178845674,587.3546142578125,-0.03471419340226101,-0.02359898696921059,21.65999984741211,0.3183201123002275,0.0,0.0,0.0,0.0,1
2025-10-13,AMD,216.4199981689453,0.007073077317969245,657.5919189453125,0.015344118135168339,599.8190307617188,0.02122127961769138,-0.008271040817199093,19.030000686645508,-0.12142193810222157,0.0,0.0,0.0,0.0,1
2025-10-13,COST,931.6118774414062,0.005967580666240702,657.5919189453125,0.015344118135168339,599.8190307617188,0.02122127961769138,-0.009376537468927637,19.030000686645508,-0.12142193810222157,0.0,0.0,0.0,0.0,1
2025-10-13,GOOGL,243.8187713623047,0.03204126018919817,657.5919189453125,0.015344118135168339,599.8190307617188,0.02122127961769138,0.016697142054029834,19.030000686645508,-0.12142193810222157,0.0,0.0,0.0,0.0,1
2025-10-13,NVDA,188.29933166503906,0.02817212030804872,657.5919189453125,0.015344118135168339,599.8190307617188,0.02122127961769138,0.012828002172880382,19.030000686645508,-0.12142193810222157,0.0,0.0,0.0,0.0,0
2025-10-13,TSLA,435.8999938964844,0.054197209585187034,657.5919189453125,0.015344118135168339,599.8190307617188,0.02122127961769138,0.038853091450018695,19.030000686645508,-0.12142193810222157,0.0,0.0,0.0,0.0,0
2025-10-14,AMD,218.08999633789062,0.0077164688248525515,656.78857421875,-0.0012216462876413203,595.8236694335938,-0.006660944590322959,0.008938115112493872,20.809999465942383,0.09353645376092956,0.0,0.0,0.0,0.0,1
2025-10-14,COST,942.5157470703125,0.011704305079120347,656.78857421875,-0.0012216462876413203,595.8236694335938,-0.006660944590322959,0.012925951366761668,20.809999465942383,0.09353645376092956,0.0,0.0,0.0,0.0,1
2025-10-14,GOOGL,245.11700439453125,0.005324581962959041,656.78857421875,-0.0012216462876413203,595.8236694335938,-0.006660944590322959,0.006546228250600361,20.809999465942383,0.09353645376092956,0.0,0.0,0.0,0.0,1
2025-10-14,NVDA,180.01022338867188,-0.044020911827305276,656.78857421875,-0.0012216462876413203,595.8236694335938,-0.006660944590322959,-0.042799265539663955,20.809999465942383,0.09353645376092956,0.0,0.0,0.0,0.0,0
2025-10-14,TSLA,429.239990234375,-0.015278742269702716,656.78857421875,-0.0012216462876413203,595.8236694335938,-0.006660944590322959,-0.014057095982061396,20.809999465942383,0.09353645376092956,0.0,0.0,0.0,0.0,1
2025-10-15,AMD,238.60000610351562,0.09404378976580152,659.7044677734375,0.004439622839291779,600.0282592773438,0.007056768737883523,0.08960416692650974,20.639999389648438,-0.008169153323245748,0.0,0.0,0.0,0.0,0
2025-10-15,COST,950.9598999023438,0.008959163662017211,659.7044677734375,0.004439622839291779,600.0282592773438,0.007056768737883523,0.004519540822725432,20.639999389648438,-0.008169153323245748,0.0,0.0,0.0,0.0,0
2025-10-15,GOOGL,250.68943786621094,0.022733769472437437,659.7044677734375,0.004439622839291779,600.0282592773438,0.007056768737883523,0.018294146633145658,20.639999389648438,-0.008169153323245748,0.0,0.0,0.0,0.0,1
2025-10-15,NVDA,179.8102569580078,-0.0011108615216387507,659.7044677734375,0.004439622839291779,600.0282592773438,0.007056768737883523,-0.00555048436093053,20.639999389648438,-0.008169153323245748,0.0,0.0,0.0,0.0,1
2025-10-15,TSLA,435.1499938964844,0.013768529951932784,659.7044677734375,0.004439622839291779,600.0282592773438,0.007056768737883523,0.009328907112641005,20.639999389648438,-0.008169153323245748,0.0,0.0,0.0,0.0,0
2025-10-16,AMD,234.55999755859375,-0.016932139319263628,655.211669921875,-0.006810318970138396,597.806396484375,-0.0037029302513930107,-0.010121820349125232,25.309999465942383,0.22625970030968534,0.0,0.0,0.0,0.0,0
2025-10-16,COST,921.7138061523438,-0.03075428706615635,655.211669921875,-0.006810318970138396,597.806396484375,-0.0037029302513930107,-0.023943968096017954,25.309999465942383,0.22625970030968534,0.0,0.0,0.0,0.0,1
2025-10-16,GOOGL,251.1188507080078,0.001712927538758402,655.211669921875,-0.006810318970138396,597.806396484375,-0.0037029302513930107,0.008523246508896798,25.309999465942383,0.22625970030968534,0.0,0.0,0.0,0.0,1
2025-10-16,NVDA,181.7900390625,0.011010395836064779,655.211669921875,-0.006810318970138396,597.806396484375,-0.0037029302513930107,0.017820714806203175,25.309999465942383,0.22625970030968534,0.0,0.0,0.0,0.0,1
2025-10-16,TSLA,428.75,-0.01470755828163206,655.211669921875,-0.006810318970138396,597.806396484375,-0.0037029302513930107,-0.007897239311493665,25.309999465942383,0.22625970030968534,0.0,0.0,0.0,0.0,1
2025-10-17,AMD,233.0800018310547,-0.006309668071894259,658.9308471679688,0.0056762988463516795,601.7320556640625,0.006566773461732511,-0.011985966918245938,20.780000686645508,-0.1789805956097521,0.0,0.0,0.0,0.0,1
2025-10-17,COST,932.378662109375,0.011570680493060204,658.9308471679688,0.0056762988463516795,601.7320556640625,0.006566773461732511,0.005894381646708524,20.780000686645508,-0.1789805956097521,0.0,0.0,0.0,0.0,0
2025-10-17,GOOGL,252.95635986328125,0.007317288806048428,658.9308471679688,0.0056762988463516795,601.7320556640625,0.006566773461732511,0.001640989959696748,20.780000686645508,-0.1789805956097521,0.0,0.0,0.0,0.0,1
2025-10-17,NVDA,183.19989013671875,0.007755381326113531,658.9308471679688,0.0056762988463516795,601.7320556640625,0.006566773461732511,0.0020790824797618512,20.780000686645508,-0.1789805956097521,0.0,0.0,0.0,0.0,0
2025-10-17,TSLA,439.30999755859375,0.02462973191508744,658.9308471679688,0.0056762988463516795,601.7320556640625,0.006566773461732511,0.01895343306873576,20.780000686645508,-0.1789805956097521,0.0,0.0,0.0,0.0,1
2025-10-20,AMD,240.55999755859375,0.032091967001788735,665.7840576171875,0.010400500262923273,609.3143310546875,0.012600750316114295,0.02169146673886546,18.229999542236328,-0.12271419923715232,0.0,0.0,0.0,0.0,0
2025-10-20,COST,932.1595458984375,-0.0002350077493641356,665.7840576171875,0.010400500262923273,609.3143310546875,0.012600750316114295,-0.010635508012287409,18.229999542236328,-0.12271419923715232,0.0,0.0,0.0,0.0,1
2025-10-20,GOOGL,256.2019348144531,0.012830572644728422,665.7840576171875,0.010400500262923273,609.3143310546875,0.012600750316114295,0.0024300723818051484,18.229999542236328,-0.12271419923715232,0.0,0.0,0.0,0.0,0
2025-10-20,NVDA,182.6199493408203,-0.0031656175965260047,665.7840576171875,0.010400500262923273,609.3143310546875,0.012600750316114295,-0.013566117859449278,18.229999542236328,-0.12271419923715232,0.0,0.0,0.0,0.0,0
2025-10-20,TSLA,447.42999267578125,0.018483519979771268,665.7840576171875,0.010400500262923273,609.3143310546875,0.012600750316114295,0.008083019716847994,18.229999542236328,-0.12271419923715232,0.0,0.0,0.0,0.0,0
2025-10-21,AMD,238.02999877929688,-0.01051712173667041,665.7740478515625,-1.503455288609512e-05,609.1549682617188,-0.00026154446867010517,-0.010502087183784314,17.8700008392334,-0.01974759802757342,0.0,0.0,0.0,0.0,0
2025-10-21,COST,933.543701171875,0.0014848909497604534,665.7740478515625,-1.503455288609512e-05,609.1549682617188,-0.00026154446867010517,0.0014999255026465486,17.8700008392334,-0.01974759802757342,0.0,0.0,0.0,0.0,1
2025-10-21,GOOGL,250.12020874023438,-0.0237380177422285,665.7740478515625,-1.503455288609512e-05,609.1549682617188,-0.00026154446867010517,-0.023722983189342406,17.8700008392334,-0.01974759802757342,0.0,0.0,0.0,0.0,1
2025-10-21,NVDA,181.14010620117188,-0.008103403516373953,665.7740478515625,-1.503455288609512e-05,609.1549682617188,-0.00026154446867010517,-0.008088368963487857,17.8700008392334,-0.01974759802757342,0.0,0.0,0.0,0.0,0
2025-10-21,TSLA,442.6000061035156,-0.010794954856246153,665.7740478515625,-1.503455288609512e-05,609.1549682617188,-0.00026154446867010517,-0.010779920303360058,17.8700008392334,-0.01974759802757342,0.0,0.0,0.0,0.0,0
2025-10-22,AMD,230.22999572753906,-0.03276899168911074,662.3128051757812,-0.005198824867010954,603.286376953125,-0.009633987432361102,-0.027570166822099784,18.600000381469727,0.04085056004214738,0.0,0.0,0.0,0.0,1
2025-10-22,COST,940.6934204101562,0.007658687246570484,662.3128051757812,-0.005198824867010954,603.286376953125,-0.009633987432361102,0.012857512113581437,18.600000381469727,0.04085056004214738,0.0,0.0,0.0,0.0,0
2025-10-22,GOOGL,251.34854125976562,0.004910968712675823,662.3128051757812,-0.005198824867010954,603.286376953125,-0.009633987432361102,0.010109793579686777,18.600000381469727,0.04085056004214738,0.0,0.0,0.0,0.0,1
2025-10-22,NVDA,180.2602081298828,-0.004857555235790012,662.3128051757812,-0.005198824867010954,603.286376953125,-0.009633987432361102,0.0003412696312209418,18.600000381469727,0.04085056004214738,0.0,0.0,0.0,0.0,1
2025-10-22,TSLA,438.9700012207031,-0.008201547294971134,662.3128051757812,-0.005198824867010954,603.286376953125,-0.009633987432361102,-0.0030027224279601805,18.600000381469727,0.04085056004214738,0.0,0.0,0.0,0.0,1
2025-10-23,AMD,234.99000549316406,0.02067501999721233,666.2402954101562,0.005929962705964353,608.3578491210938,0.008406409230690803,0.014745057291247976,17.299999237060547,-0.06989253321222011,0.0,0.0,0.0,0.0,1
2025-10-23,COST,938.0745239257812,-0.0027840063803498127,666.2402954101562,0.005929962705964353,608.3578491210938,0.008406409230690803,-0.008713969086314166,17.299999237060547,-0.06989253321222011,0.0,0.0,0.0,0.0,0
2025-10-23,GOOGL,252.7366485595703,0.005522639172073296,666.2402954101562,0.005929962705964353,608.3578491210938,0.008406409230690803,-0.00040732353389105747,17.299999237060547,-0.06989253321222011,0.0,0.0,0.0,0.0,1
2025-10-23,NVDA,182.13999938964844,0.010428209748937878,666.2402954101562,0.005929962705964353,608.3578491210938,0.008406409230690803,0.004498247042973524,17.299999237060547,-0.06989253321222011,0.0,0.0,0.0,0.0,1
2025-10-23,TSLA,448.9800109863281,0.022803402824313368,666.2402954101562,0.005929962705964353,608.3578491210938,0.008406409230690803,0.016873440118349015,17.299999237060547,-0.06989253321222011,0.0,0.0,0.0,0.0,0
2025-10-24,AMD,252.9199981689453,0.07630108624472043,671.6851806640625,0.008172554694480416,614.8540649414062,0.010678280603591661,0.06812853155024001,16.3700008392334,-0.05375713519309755,0.0,0.0,0.0,0.0,1
2025-10-24,COST,928.2063598632812,-0.010519594990387682,671.6851806640625,0.008172554694480416,614.8540649414062,0.010678280603591661,-0.018692149684868098,16.3700008392334,-0.05375713519309755,0.0,0.0,0.0,0.0,0
2025-10-24,GOOGL,259.5674133300781,0.0270272032546075,671.6851806640625,0.008172554694480416,614.8540649414062,0.010678280603591661,0.018854648560127085,16.3700008392334,-0.05375713519309755,0.0,0.0,0.0,0.0,1
2025-10-24,NVDA,186.23953247070312,0.0225075935807193,671.6851806640625,0.008172554694480416,614.8540649414062,0.010678280603591661,0.014335038886238882,16.3700008392334,-0.05375713519309755,0.0,0.0,0.0,0.0,1
2025-10-24,TSLA,433.7200012207031,-0.03398817183887881,671.6851806640625,0.008172554694480416,614.8540649414062,0.010678280603591661,-0.04216072653335923,16.3700008392334,-0.05375713519309755,0.0,0.0,0.0,0.0,1
2025-10-27,AMD,259.6700134277344,0.026688341403039884,679.6094970703125,0.011797664492784632,625.8041381835938,0.01780922314180522,0.014890676910255252,15.789999961853027,-0.03543071763260408,0.0,0.0,0.0,0.0,0
2025-10-27,COST,925.9259643554688,-0.0024567764307803497,679.6094970703125,0.011797664492784632,625.8041381835938,0.01780922314180522,-0.014254440923564982,15.789999961853027,-0.03543071763260408,0.0,0.0,0.0,0.0,0
2025-10-27,GOOGL,268.9046630859375,0.03597234967235918,679.6094970703125,0.011797664492784632,625.8041381835938,0.01780922314180522,0.02417468517957455,15.789999961853027,-0.03543071763260408,0.0,0.0,0.0,0.0,0
2025-10-27,NVDA,191.46897888183594,0.028079142713459238,679.6094970703125,0.011797664492784632,625.8041381835938,0.01780922314180522,0.016281478220674606,15.789999961853027,-0.03543071763260408,0.0,0.0,0.0,0.0,1
2025-10-27,TSLA,452.4200134277344,0.043115401997602554,679.6094970703125,0.011797664492784632,625.8041381835938,0.01780922314180522,0.03131773750481792,15.789999961853027,-0.03543071763260408,0.0,0.0,0.0,0.0,1
2025-10-28,AMD,258.010009765625,-0.006392743005619872,681.41455078125,0.002656016019079832,630.6165771484375,0.007690008216966859,-0.009048759024699704,16.420000076293945,0.03989867738840602,0.0,0.0,0.0,0.0,1
2025-10-28,COST,920.260009765625,-0.0061192307030593085,681.41455078125,0.002656016019079832,630.6165771484375,0.007690008216966859,-0.00877524672213914,16.420000076293945,0.03989867738840602,0.0,0.0,0.0,0.0,0
2025-10-28,GOOGL,267.1071472167969,-0.006684584225920109,681.41455078125,0.002656016019079832,630.6165771484375,0.007690008216966859,-0.009340600244999941,16.420000076293945,0.03989867738840602,0.0,0.0,0.0,0.0,1
2025-10-28,NVDA,201.0079345703125,0.04981984937812545,681.41455078125,0.002656016019079832,630.6165771484375,0.007690008216966859,0.047163833359045615,16.420000076293945,0.03989867738840602,0.0,0.0,0.0,0.0,1
2025-10-28,TSLA,460.54998779296875,0.017969970655449252,681.41455078125,0.002656016019079832,630.6165771484375,0.007690008216966859,0.01531395463636942,16.420000076293945,0.03989867738840602,0.0,0.0,0.0,0.0,1
2025-10-29,AMD,264.3299865722656,0.02449508378524401,681.7418212890625,0.0004802810674313651,633.4562377929688,0.004502990798896933,0.024014802717812644,16.920000076293945,0.03045066977325206,0.0,0.0,0.0,0.0,0
2025-10-29,COST,908.569580078125,-0.012703398565017898,681.7418212890625,0.0004802810674313651,633.4562377929688,0.004502990798896933,-0.013183679632449263,16.920000076293945,0.03045066977325206,0.0,0.0,0.0,0.0,1
2025-10-29,GOOGL,274.197509765625,0.02654501245177565,681.7418212890625,0.0004802810674313651,633.4562377929688,0.004502990798896933,0.026064731384344286,16.920000076293945,0.03045066977325206,0.0,0.0,0.0,0.0,1
2025-10-29,NVDA,207.01727294921875,0.029896025705414164,681.7418212890625,0.0004802810674313651,633.4562377929688,0.004502990798896933,0.0294157446379828,16.920000076293945,0.03045066977325206,0.0,0.0,0.0,0.0,0
2025-10-29,TSLA,461.510009765625,0.0020845119924046696,681.7418212890625,0.0004802810674313651,633.4562377929688,0.004502990798896933,0.0016042309249733044,16.920000076293945,0.03045066977325206,0.0,0.0,0.0,0.0,0
2025-10-30,AMD,254.83999633789062,-0.035902056960837925,674.2439575195312,-0.010998098598900663,623.7715454101562,-0.015288652640875422,-0.024903958361937262,16.90999984741211,-0.0005910300730935791,0.0,0.0,0.0,0.0,1
2025-10-30,COST,916.2968139648438,0.008504834474046818,674.2439575195312,-0.010998098598900663,623.7715454101562,-0.015288652640875422,0.01950293307294748,16.90999984741211,-0.0005910300730935791,0.0,0.0,0.0,0.0,0
2025-10-30,GOOGL,281.09814453125,0.025166657317651886,674.2439575195312,-0.010998098598900663,623.7715454101562,-0.015288652640875422,0.03616475591655255,16.90999984741211,-0.0005910300730935791,0.0,0.0,0.0,0.0,0
2025-10-30,NVDA,202.8677215576172,-0.020044469393717956,674.2439575195312,-0.010998098598900663,623.7715454101562,-0.015288652640875422,-0.009046370794817293,16.90999984741211,-0.0005910300730935791,0.0,0.0,0.0,0.0,0
2025-10-30,TSLA,440.1000061035156,-0.04639120107705208,674.2439575195312,-0.010998098598900663,623.7715454101562,-0.015288652640875422,-0.03539310247815142,16.90999984741211,-0.0005910300730935791,0.0,0.0,0.0,0.0,1
2025-10-31,AMD,256.1199951171875,0.005022754660535034,676.4556274414062,0.0032802220875831622,626.7806396484375,0.00482403254913244,0.0017425325729518715,17.440000534057617,0.03134244183488977,0.0,0.0,0.0,0.0,1
2025-10-31,COST,908.8876953125,-0.00808593737250296,676.4556274414062,0.0032802220875831622,626.7806396484375,0.00482403254913244,-0.011366159460086123,17.440000534057617,0.03134244183488977,0.0,0.0,0.0,0.0,1
2025-10-31,GOOGL,280.80853271484375,-0.0010302871863107077,676.4556274414062,0.0032802220875831622,626.7806396484375,0.00482403254913244,-0.00431050927389387,17.440000534057617,0.03134244183488977,0.0,0.0,0.0,0.0,1
2025-10-31,NVDA,202.4677734375,-0.0019714724306379994,676.4556274414062,0.0032802220875831622,626.7806396484375,0.00482403254913244,-0.005251694518221162,17.440000534057617,0.03134244183488977,0.0,0.0,0.0,0.0,1
2025-10-31,TSLA,456.55999755859375,0.03740057084027071,676.4556274414062,0.0032802220875831622,626.7806396484375,0.00482403254913244,0.034120348752687546,17.440000534057617,0.03134244183488977,0.0,0.0,0.0,0.0,1
2025-11-03,AMD,259.6499938964844,0.013782597401978514,677.7251586914062,0.0018767398754619968,629.7796020507812,0.004784708098236612,0.011905857526516517,17.170000076293945,-0.01548167714997506,0.0,0.0,0.0,0.0,0
2025-11-03,COST,925.4310302734375,0.01820173718519702,677.7251586914062,0.0018767398754619968,629.7796020507812,0.004784708098236612,0.016324997309735023,17.170000076293945,-0.01548167714997506,0.0,0.0,0.0,0.0,1
2025-11-03,GOOGL,283.3350830078125,0.008997412822687956,677.7251586914062,0.0018767398754619968,629.7796020507812,0.004784708098236612,0.007120672947225959,17.170000076293945,-0.01548167714997506,0.0,0.0,0.0,0.0,0
2025-11-03,NVDA,206.85728454589844,0.0216800483053341,677.7251586914062,0.0018767398754619968,629.7796020507812,0.004784708098236612,0.019803308429872102,17.170000076293945,-0.01548167714997506,0.0,0.0,0.0,0.0,0
2025-11-03,TSLA,468.3699951171875,0.02586735066967427,677.7251586914062,0.0018767398754619968,629.7796020507812,0.004784708098236612,0.023990610794212275,17.170000076293945,-0.01548167714997506,0.0,0.0,0.0,0.0,0
2025-11-04,AMD,250.0500030517578,-0.03697281367375582,669.6917114257812,-0.01185354736001909,616.9962768554688,-0.020298093418214203,-0.025119266313736732,19.0,0.10658124144289749,0.0,0.0,0.0,0.0,1
2025-11-04,COST,938.0953369140625,0.013684765505305174,669.6917114257812,-0.01185354736001909,616.9962768554688,-0.020298093418214203,0.025538312865324264,19.0,0.10658124144289749,0.0,0.0,0.0,0.0,0
2025-11-04,GOOGL,277.1634826660156,-0.021781984342640337,669.6917114257812,-0.01185354736001909,616.9962768554688,-0.020298093418214203,-0.009928436982621247,19.0,0.10658124144289749,0.0,0.0,0.0,0.0,1
2025-11-04,NVDA,198.66818237304688,-0.039588173995557474,669.6917114257812,-0.01185354736001909,616.9962768554688,-0.020298093418214203,-0.027734626635538384,19.0,0.10658124144289749,0.0,0.0,0.0,0.0,0
2025-11-04,TSLA,444.260009765625,-0.05147636612701911,669.6917114257812,-0.01185354736001909,616.9962768554688,-0.020298093418214203,-0.03962281876700002,19.0,0.10658124144289749,0.0,0.0,0.0,0.0,1
2025-11-05,AMD,256.3299865722656,0.0251149107932942,672.012451171875,0.0034653852011290454,621.01171875,0.006508048824858337,0.021649525592165153,18.010000228881836,-0.05210525111148234,0.0,0.0,0.0,0.0,0
2025-11-05,COST,932.4014282226562,-0.0060696482194835255,672.012451171875,0.0034653852011290454,621.01171875,0.006508048824858337,-0.00953503342061257,18.010000228881836,-0.05210525111148234,0.0,0.0,0.0,0.0,0
2025-11-05,GOOGL,283.9242858886719,0.024392835440024685,672.012451171875,0.0034653852011290454,621.01171875,0.006508048824858337,0.02092745023889564,18.010000228881836,-0.05210525111148234,0.0,0.0,0.0,0.0,1
2025-11-05,NVDA,195.18858337402344,-0.017514626436203384,672.012451171875,0.0034653852011290454,621.01171875,0.006508048824858337,-0.02098001163733243,18.010000228881836,-0.05210525111148234,0.0,0.0,0.0,0.0,0
2025-11-05,TSLA,462.07000732421875,0.040089130615176494,672.012451171875,0.0034653852011290454,621.01171875,0.006508048824858337,0.03662374541404745,18.010000228881836,-0.05210525111148234,0.0,0.0,0.0,0.0,0
2025-11-06,AMD,237.6999969482422,-0.0726797120896786,664.8021850585938,-0.010729363869237507,609.4439086914062,-0.018627361947175403,-0.0619503482204411,19.5,0.08273180189796547,0.0,0.0,0.0,0.0,0
2025-11-06,COST,920.983642578125,-0.012245568591948475,664.8021850585938,-0.010729363869237507,609.4439086914062,-0.018627361947175403,-0.0015162047227109676,19.5,0.08273180189796547,0.0,0.0,0.0,0.0,0
2025-11-06,GOOGL,284.36370849609375,0.001547675310854535,664.8021850585938,-0.010729363869237507,609.4439086914062,-0.018627361947175403,0.012277039180092042,19.5,0.08273180189796547,0.0,0.0,0.0,0.0,0
2025-11-06,NVDA,188.05935668945312,-0.03652481390732354,664.8021850585938,-0.010729363869237507,609.4439086914062,-0.018627361947175403,-0.025795450038086032,19.5,0.08273180189796547,0.0,0.0,0.0,0.0,1
2025-11-06,TSLA,445.9100036621094,-0.03497306340156037,664.8021850585938,-0.010729363869237507,609.4439086914062,-0.018627361947175403,-0.02424369953232286,19.5,0.08273180189796547,0.0,0.0,0.0,0.0,0
2025-11-07,AMD,233.5399932861328,-0.01750106737702306,665.4567260742188,0.000984565078659072,607.5209350585938,-0.0031552922350828183,-0.018485632455682133,19.079999923706055,-0.0215384654509716,0.0,0.0,0.0,0.0,1
2025-11-07,COST,920.1459350585938,-0.0009095791508155759,665.4567260742188,0.000984565078659072,607.5209350585938,-0.0031552922350828183,-0.001894144229474648,19.079999923706055,-0.0215384654509716,0.0,0.0,0.0,0.0,0
2025-11-07,GOOGL,278.4516906738281,-0.02079033873039693,665.4567260742188,0.000984565078659072,607.5209350585938,-0.0031552922350828183,-0.021774903809056,19.079999923706055,-0.0215384654509716,0.0,0.0,0.0,0.0,1
2025-11-07,NVDA,188.1293487548828,0.0003721807128440613,665.4567260742188,0.000984565078659072,607.5209350585938,-0.0031552922350828183,-0.0006123843658150108,19.079999923706055,-0.0215384654509716,0.0,0.0,0.0,0.0,1
2025-11-07,TSLA,429.5199890136719,-0.03675632866235745,665.4567260742188,0.000984565078659072,607.5209350585938,-0.0031552922350828183,-0.037740893741016523,19.079999923706055,-0.0215384654509716,0.0,0.0,0.0,0.0,1
2025-11-10,AMD,243.97999572753906,0.04470327456340706,675.8407592773438,0.01560437034633999,620.9618530273438,0.022124205427511257,0.029098904217067068,17.600000381469727,-0.07756811049026757,0.0,0.0,0.0,0.0,0
2025-11-10,COST,912.9861450195312,-0.007781146192431532,675.8407592773438,0.01560437034633999,620.9618530273438,0.022124205427511257,-0.023385516538771522,17.600000381469727,-0.07756811049026757,0.0,0.0,0.0,0.0,0
2025-11-10,GOOGL,289.7064208984375,0.04041896889680907,675.8407592773438,0.01560437034633999,620.9618530273438,0.022124205427511257,0.02481459855046908,17.600000381469727,-0.07756811049026757,0.0,0.0,0.0,0.0,1
2025-11-10,NVDA,199.0281524658203,0.057932501138553194,675.8407592773438,0.01560437034633999,620.9618530273438,0.022124205427511257,0.0423281307922132,17.600000381469727,-0.07756811049026757,0.0,0.0,0.0,0.0,0
2025-11-10,TSLA,445.2300109863281,0.03657576451501576,675.8407592773438,0.01560437034633999,620.9618530273438,0.022124205427511257,0.020971394168675772,17.600000381469727,-0.07756811049026757,0.0,0.0,0.0,0.0,0
2025-11-11,AMD,237.52000427246094,-0.026477545570138594,677.3878784179688,0.002289177027853917,619.307861328125,-0.002663596308138949,-0.02876672259799251,17.280000686645508,-0.018181800448205276,0.0,0.0,0.0,0.0,1
2025-11-11,COST,911.2908935546875,-0.001856820581661145,677.3878784179688,0.002289177027853917,619.307861328125,-0.002663596308138949,-0.004145997609515062,17.280000686645508,-0.018181800448205276,0.0,0.0,0.0,0.0,1
2025-11-11,GOOGL,290.9147644042969,0.004170924144905275,677.3878784179688,0.002289177027853917,619.307861328125,-0.002663596308138949,0.0018817471170513578,17.280000686645508,-0.018181800448205276,0.0,0.0,0.0,0.0,0
2025-11-11,NVDA,193.1387939453125,-0.02959058026486583,677.3878784179688,0.002289177027853917,619.307861328125,-0.002663596308138949,-0.031879757292719746,17.280000686645508,-0.018181800448205276,0.0,0.0,0.0,0.0,1
2025-11-11,TSLA,439.6199951171875,-0.01260026442672324,677.3878784179688,0.002289177027853917,619.307861328125,-0.002663596308138949,-0.014889441454577157,17.280000686645508,-0.018181800448205276,0.0,0.0,0.0,0.0,0
2025-11-12,AMD,258.8900146484375,0.08997141289818633,677.7647705078125,0.0005563903663643455,618.8196411132812,-0.0007883320159972618,0.08941502253182199,17.510000228881836,0.013310158165333874,0.0,0.0,0.0,0.0,0
2025-11-12,COST,911.4305419921875,0.00015324243717085295,677.7647705078125,0.0005563903663643455,618.8196411132812,-0.0007883320159972618,-0.0004031479291934925,17.510000228881836,0.013310158165333874,0.0,0.0,0.0,0.0,1
2025-11-12,GOOGL,286.3210144042969,-0.015790707664516734,677.7647705078125,0.0005563903663643455,618.8196411132812,-0.0007883320159972618,-0.01634709803088108,17.510000228881836,0.013310158165333874,0.0,0.0,0.0,0.0,0
2025-11-12,NVDA,193.7787322998047,0.003313360000960719,677.7647705078125,0.0005563903663643455,618.8196411132812,-0.0007883320159972618,0.0027569696345963735,17.510000228881836,0.013310158165333874,0.0,0.0,0.0,0.0,0
2025-11-12,TSLA,430.6000061035156,-0.02051769508633805,677.7647705078125,0.0005563903663643455,618.8196411132812,-0.0007883320159972618,-0.021074085452702396,17.510000228881836,0.013310158165333874,0.0,0.0,0.0,0.0,0
2025-11-13,AMD,247.9600067138672,-0.04221873118363728,666.5179443359375,-0.016593996414786205,606.1858520507812,-0.020415947108225807,-0.025624734768851076,20.0,0.1422044396670561,0.0,0.0,0.0,0.0,0
2025-11-13,COST,922.4793701171875,0.012122512485536863,666.5179443359375,-0.016593996414786205,606.1858520507812,-0.020415947108225807,0.028716508900323068,20.0,0.1422044396670561,0.0,0.0,0.0,0.0,0
2025-11-13,GOOGL,278.19207763671875,-0.0283909889900702,666.5179443359375,-0.016593996414786205,606.1858520507812,-0.020415947108225807,-0.011796992575283993,20.0,0.1422044396670561,0.0,0.0,0.0,0.0,0
2025-11-13,NVDA,186.8394775390625,-0.03581019794270368,666.5179443359375,-0.016593996414786205,606.1858520507812,-0.020415947108225807,-0.019216201527917476,20.0,0.1422044396670561,0.0,0.0,0.0,0.0,1
2025-11-13,TSLA,401.989990234375,-0.06644220962287406,666.5179443359375,-0.016593996414786205,606.1858520507812,-0.020415947108225807,-0.049848213208087855,20.0,0.1422044396670561,0.0,0.0,0.0,0.0,1
2025-11-14,AMD,246.80999755859375,-0.004637881610482841,666.408935546875,-0.0001635496688257021,606.6441040039062,0.0007559594991779495,-0.004474331941657139,19.829999923706055,-0.008500003814697288,0.0,0.0,0.0,0.0,0
2025-11-14,COST,920.38525390625,-0.0022700954392850248,666.408935546875,-0.0001635496688257021,606.6441040039062,0.0007559594991779495,-0.0021065457704593227,19.829999923706055,-0.008500003814697288,0.0,0.0,0.0,0.0,0
2025-11-14,GOOGL,276.0350036621094,-0.0077539015234869835,666.408935546875,-0.0001635496688257021,606.6441040039062,0.0007559594991779495,-0.007590351854661281,19.829999923706055,-0.008500003814697288,0.0,0.0,0.0,0.0,1
2025-11-14,NVDA,190.1491241455078,0.01771385068101239,666.408935546875,-0.0001635496688257021,606.6441040039062,0.0007559594991779495,0.01787740034983809,19.829999923706055,-0.008500003814697288,0.0,0.0,0.0,0.0,0
2025-11-14,TSLA,404.3500061035156,0.005870832424868633,666.408935546875,-0.0001635496688257021,606.6441040039062,0.0007559594991779495,0.006034382093694335,19.829999923706055,-0.008500003814697288,0.0,0.0,0.0,0.0,1
2025-11-17,AMD,240.52000427246094,-0.02548516408716195,660.2003173828125,-0.009316528985265693,601.4630737304688,-0.008540477422004478,-0.016168635101896256,22.3799991607666,0.12859300286794828,0.0,0.0,0.0,0.0,0
2025-11-17,COST,910.0244750976562,-0.011257002178838738,660.2003173828125,-0.009316528985265693,601.4630737304688,-0.008540477422004478,-0.0019404731935730446,22.3799991607666,0.12859300286794828,0.0,0.0,0.0,0.0,0
2025-11-17,GOOGL,284.63330078125,0.031149299925982143,660.2003173828125,-0.009316528985265693,601.4630737304688,-0.008540477422004478,0.040465828911247836,22.3799991607666,0.12859300286794828,0.0,0.0,0.0,0.0,0
2025-11-17,NVDA,186.5795135498047,-0.018772690180637097,660.2003173828125,-0.009316528985265693,601.4630737304688,-0.008540477422004478,-0.009456161195371404,22.3799991607666,0.12859300286794828,0.0,0.0,0.0,0.0,0
2025-11-17,TSLA,408.9200134277344,0.011302107716671506,660.2003173828125,-0.009316528985265693,601.4630737304688,-0.008540477422004478,0.0206186367019372,22.3799991607666,0.12859300286794828,0.0,0.0,0.0,0.0,0
2025-11-18,AMD,230.2899932861328,-0.0425328904232829,654.6563110351562,-0.0083974608943449,594.1397094726562,-0.012175916656679608,-0.034135429528938,24.690000534057617,0.10321722340993555,0.0,0.0,0.0,0.0,0
2025-11-18,COST,892.563720703125,-0.019187126140379318,654.6563110351562,-0.0083974608943449,594.1397094726562,-0.012175916656679608,-0.010789665246034419,24.690000534057617,0.10321722340993555,0.0,0.0,0.0,0.0,0
2025-11-18,GOOGL,283.8943176269531,-0.0025962638674692506,654.6563110351562,-0.0083974608943449,594.1397094726562,-0.012175916656679608,0.0058011970268756485,24.690000534057617,0.10321722340993555,0.0,0.0,0.0,0.0,1
2025-11-18,NVDA,181.340087890625,-0.028081462747415187,654.6563110351562,-0.0083974608943449,594.1397094726562,-0.012175916656679608,-0.019684001853070288,24.690000534057617,0.10321722340993555,0.0,0.0,0.0,0.0,1
2025-11-18,TSLA,401.25,-0.018756757252943457,654.6563110351562,-0.0083974608943449,594.1397094726562,-0.012175916656679608,-0.010359296358598558,24.690000534057617,0.10321722340993555,0.0,0.0,0.0,0.0,1
2025-11-19,AMD,223.5500030517578,-0.029267403842426765,657.1853637695312,0.0038631762831033978,597.6868286132812,0.005970176852466702,-0.03313058012553016,23.65999984741211,-0.041717321359500015,0.0,0.0,0.0,0.0,0
2025-11-19,COST,888.0963134765625,-0.005005140947296427,657.1853637695312,0.0038631762831033978,597.6868286132812,0.005970176852466702,-0.008868317230399825,23.65999984741211,-0.041717321359500015,0.0,0.0,0.0,0.0,1
2025-11-19,GOOGL,292.4127502441406,0.030005646778675565,657.1853637695312,0.0038631762831033978,597.6868286132812,0.005970176852466702,0.026142470495572168,23.65999984741211,-0.041717321359500015,0.0,0.0,0.0,0.0,0
2025-11-19,NVDA,186.49951171875,0.02845164512789311,657.1853637695312,0.0038631762831033978,597.6868286132812,0.005970176852466702,0.024588468844789713,23.65999984741211,-0.041717321359500015,0.0,0.0,0.0,0.0,0
2025-11-19,TSLA,403.989990234375,0.006828636098130891,657.1853637695312,0.0038631762831033978,597.6868286132812,0.005970176852466702,0.0029654598150274936,23.65999984741211,-0.041717321359500015,0.0,0.0,0.0,0.0,0
2025-11-20,AMD,206.02000427246094,-0.07841645511066364,647.1683349609375,-0.015242318774626007,583.5384521484375,-0.023671889336544405,-0.06317413633603763,26.420000076293945,0.11665258861714323,0.0,0.0,0.0,0.0,0
2025-11-20,COST,890.7787475585938,0.003020431501996157,647.1683349609375,-0.015242318774626007,583.5384521484375,-0.023671889336544405,0.018262750276622164,26.420000076293945,0.11665258861714323,0.0,0.0,0.0,0.0,1
2025-11-20,GOOGL,289.05731201171875,-0.011475006577587155,647.1683349609375,-0.015242318774626007,583.5384521484375,-0.023671889336544405,0.0037673121970388523,26.420000076293945,0.11665258861714323,0.0,0.0,0.0,0.0,1
2025-11-20,NVDA,180.6201629638672,-0.03152474073899536,647.1683349609375,-0.015242318774626007,583.5384521484375,-0.023671889336544405,-0.016282421964369354,26.420000076293945,0.11665258861714323,0.0,0.0,0.0,0.0,0
2025-11-20,TSLA,395.2300109863281,-0.02168365419886953,647.1683349609375,-0.015242318774626007,583.5384521484375,-0.023671889336544405,-0.006441335424243522,26.420000076293945,0.11665258861714323,0.0,0.0,0.0,0.0,0
2025-11-21,AMD,203.77999877929688,-0.010872757240610764,653.6149291992188,0.009961232480063087,587.9224853515625,0.007512843732892183,-0.02083398972067385,23.43000030517578,-0.11317183052550484,0.0,0.0,0.0,0.0,1
2025-11-21,COST,896.482666015625,0.006403294277803839,653.6149291992188,0.009961232480063087,587.9224853515625,0.007512843732892183,-0.0035579382022592476,23.43000030517578,-0.11317183052550484,0.0,0.0,0.0,0.0,0
2025-11-21,GOOGL,299.2534484863281,0.03527375385749121,653.6149291992188,0.009961232480063087,587.9224853515625,0.007512843732892183,0.02531252137742812,23.43000030517578,-0.11317183052550484,0.0,0.0,0.0,0.0,1
2025-11-21,NVDA,178.86036682128906,-0.009743076928405703,653.6149291992188,0.009961232480063087,587.9224853515625,0.007512843732892183,-0.01970430940846879,23.43000030517578,-0.11317183052550484,0.0,0.0,0.0,0.0,1
2025-11-21,TSLA,391.0899963378906,-0.010474950113494086,653.6149291992188,0.009961232480063087,587.9224853515625,0.007512843732892183,-0.020436182593557173,23.43000030517578,-0.11317183052550484,0.0,0.0,0.0,0.0,1
2025-11-24,AMD,215.0500030517578,0.055304761703659056,663.235107421875,0.014718418739979588,602.9575805664062,0.025573261083649657,0.04058634296367947,20.520000457763672,-0.12419973578785137,0.0,0.0,0.0,0.0,0
2025-11-24,COST,883.62890625,-0.014337990295733127,663.235107421875,0.014718418739979588,602.9575805664062,0.025573261083649657,-0.029056409035712716,20.520000457763672,-0.12419973578785137,0.0,0.0,0.0,0.0,1
2025-11-24,GOOGL,318.14776611328125,0.063138178432107,663.235107421875,0.014718418739979588,602.9575805664062,0.025573261083649657,0.04841975969212742,20.520000457763672,-0.12419973578785137,0.0,0.0,0.0,0.0,1
2025-11-24,NVDA,182.52996826171875,0.020516571142315865,663.235107421875,0.014718418739979588,602.9575805664062,0.025573261083649657,0.005798152402336276,20.520000457763672,-0.12419973578785137,0.0,0.0,0.0,0.0,0
2025-11-24,TSLA,417.7799987792969,0.0682451678419993,663.235107421875,0.014718418739979588,602.9575805664062,0.025573261083649657,0.05352674910201971,20.520000457763672,-0.12419973578785137,0.0,0.0,0.0,0.0,1
2025-11-25,AMD,206.1300048828125,-0.0414787167745283,669.4734497070312,0.00940592893130443,606.674072265625,0.006163769755954451,-0.05088464570583273,18.559999465942383,-0.09551661540434953,0.0,0.0,0.0,0.0,1
2025-11-25,COST,891.8157958984375,0.009265076765292202,669.4734497070312,0.00940592893130443,606.674072265625,0.006163769755954451,-0.0001408521660122286,18.559999465942383,-0.09551661540434953,0.0,0.0,0.0,0.0,1
2025-11-25,GOOGL,323.0011901855469,0.015255251141815362,669.4734497070312,0.00940592893130443,606.674072265625,0.006163769755954451,0.005849322210510932,18.559999465942383,-0.09551661540434953,0.0,0.0,0.0,0.0,0
2025-11-25,NVDA,177.80047607421875,-0.02591077088622873,669.4734497070312,0.00940592893130443,606.674072265625,0.006163769755954451,-0.03531669981753316,18.559999465942383,-0.09551661540434953,0.0,0.0,0.0,0.0,1
2025-11-25,TSLA,419.3999938964844,0.0038776272725380423,669.4734497070312,0.00940592893130443,606.674072265625,0.006163769755954451,-0.005528301658766388,18.559999465942383,-0.09551661540434953,0.0,0.0,0.0,0.0,1
2025-11-26,AMD,214.24000549316406,0.03934410526484089,674.09521484375,0.006903582418005261,612.034423828125,0.008835636476900666,0.03244052284683563,17.190000534057617,-0.07381459974709137,0.0,0.0,0.0,0.0,1
2025-11-26,COST,905.7066650390625,0.015575939789932658,674.09521484375,0.006903582418005261,612.034423828125,0.008835636476900666,0.008672357371927397,17.190000534057617,-0.07381459974709137,0.0,0.0,0.0,0.0,1
2025-11-26,GOOGL,319.5159606933594,-0.0107901444269769,674.09521484375,0.006903582418005261,612.034423828125,0.008835636476900666,-0.01769372684498216,17.190000534057617,-0.07381459974709137,0.0,0.0,0.0,0.0,1
2025-11-26,NVDA,180.24020385742188,0.013721716820289664,674.09521484375,0.006903582418005261,612.034423828125,0.008835636476900666,0.006818134402284404,17.190000534057617,-0.07381459974709137,0.0,0.0,0.0,0.0,0
2025-11-26,TSLA,426.5799865722656,0.017119677587676296,674.09521484375,0.006903582418005261,612.034423828125,0.008835636476900666,0.010216095169671036,17.190000534057617,-0.07381459974709137,0.0,0.0,0.0,0.0,1
2025-11-28,AMD,217.52999877929688,0.015356577678195427,677.7747192382812,0.0054584342293309,616.9962768554688,0.008107146974362323,0.009898143448864527,16.350000381469727,-0.04886562690464402,0.0,0.0,0.0,0.0,1
2025-11-28,COST,911.021728515625,0.005868415991322484,677.7747192382812,0.0054584342293309,616.9962768554688,0.008107146974362323,0.00040998176199158465,16.350000381469727,-0.04886562690464402,0.0,0.0,0.0,0.0,0
2025-11-28,GOOGL,319.74560546875,0.000718727086097104,677.7747192382812,0.0054584342293309,616.9962768554688,0.008107146974362323,-0.004739707143233796,16.350000381469727,-0.04886562690464402,0.0,0.0,0.0,0.0,0
2025-11-28,NVDA,176.98056030273438,-0.01808499704797284,677.7747192382812,0.0054584342293309,616.9962768554688,0.008107146974362323,-0.02354343127730374,16.350000381469727,-0.04886562690464402,0.0,0.0,0.0,0.0,1
2025-11-28,TSLA,430.1700134277344,0.008415835173881447,677.7747192382812,0.0054584342293309,616.9962768554688,0.008107146974362323,0.002957400944550548,16.350000381469727,-0.04886562690464402,0.0,0.0,0.0,0.0,0
2025-12-01,AMD,219.75999450683594,0.010251439985533128,674.6803588867188,-0.004565470301164498,614.923828125,-0.0033589323116032244,0.014816910286697627,17.239999771118164,0.05443421216412436,0.0,0.0,0.0,0.0,0
2025-12-01,COST,909.396240234375,-0.001784247543577755,674.6803588867188,-0.004565470301164498,614.923828125,-0.0033589323116032244,0.002781222757586743,17.239999771118164,0.05443421216412436,0.0,0.0,0.0,0.0,1
2025-12-01,GOOGL,314.4627990722656,-0.016521904620830474,674.6803588867188,-0.004565470301164498,614.923828125,-0.0033589323116032244,-0.011956434319665976,17.239999771118164,0.05443421216412436,0.0,0.0,0.0,0.0,1
2025-12-01,NVDA,179.90025329589844,0.016497252512760685,674.6803588867188,-0.004565470301164498,614.923828125,-0.0033589323116032244,0.021062722813925183,17.239999771118164,0.05443421216412436,0.0,0.0,0.0,0.0,1
2025-12-01,TSLA,430.1400146484375,-6.973703038437584e-05,674.6803588867188,-0.004565470301164498,614.923828125,-0.0033589323116032244,0.004495733270780122,17.239999771118164,0.05443421216412436,0.0,0.0,0.0,0.0,0
2025-12-02,AMD,215.24000549316406,-0.020567842767812206,675.9300537109375,0.0018522768711999316,619.7362670898438,0.007826073319548543,-0.022420119639012137,16.59000015258789,-0.03770299461483784,0.0,0.0,0.0,0.0,1
2025-12-02,COST,919.43798828125,0.011042214166496755,675.9300537109375,0.0018522768711999316,619.7362670898438,0.007826073319548543,0.009189937295296824,16.59000015258789,-0.03770299461483784,0.0,0.0,0.0,0.0,1
2025-12-02,GOOGL,315.38153076171875,0.0029215910185993454,675.9300537109375,0.0018522768711999316,619.7362670898438,0.007826073319548543,0.0010693141473994139,16.59000015258789,-0.03770299461483784,0.0,0.0,0.0,0.0,1
2025-12-02,NVDA,181.44007873535156,0.008559328912786102,675.9300537109375,0.0018522768711999316,619.7362670898438,0.007826073319548543,0.00670705204158617,16.59000015258789,-0.03770299461483784,0.0,0.0,0.0,0.0,0
2025-12-02,TSLA,429.239990234375,-0.0020923987153301793,675.9300537109375,0.0018522768711999316,619.7362670898438,0.007826073319548543,-0.003944675586530111,16.59000015258789,-0.03770299461483784,0.0,0.0,0.0,0.0,1
2025-12-03,AMD,217.60000610351562,0.010964507294748849,678.2706298828125,0.003462749080359595,621.250732421875,0.0024437255207652164,0.007501758214389254,16.079999923706055,-0.03074142400187263,0.0,0.0,0.0,0.0,0
2025-12-03,COST,919.6672973632812,0.0002494013570832898,678.2706298828125,0.003462749080359595,621.250732421875,0.0024437255207652164,-0.0032133477232763052,16.079999923706055,-0.03074142400187263,0.0,0.0,0.0,0.0,0
2025-12-03,GOOGL,319.1963806152344,0.012095983694105028,678.2706298828125,0.003462749080359595,621.250732421875,0.0024437255207652164,0.008633234613745433,16.079999923706055,-0.03074142400187263,0.0,0.0,0.0,0.0,0
2025-12-03,NVDA,179.57028198242188,-0.010305312728931093,678.2706298828125,0.003462749080359595,621.250732421875,0.0024437255207652164,-0.013768061809290688,16.079999923706055,-0.03074142400187263,0.0,0.0,0.0,0.0,1
2025-12-03,TSLA,446.739990234375,0.04076973347810542,678.2706298828125,0.003462749080359595,621.250732421875,0.0024437255207652164,0.037306984397745824,16.079999923706055,-0.03074142400187263,0.0,0.0,0.0,0.0,1
2025-12-04,AMD,215.97999572753906,-0.0074449004160684895,678.7664794921875,0.0007310498015529188,620.6729125976562,-0.0009300911758545194,-0.008175950217621408,15.779999732971191,-0.01865672836805088,0.0,0.0,0.0,0.0,1
2025-12-04,COST,893.3414916992188,-0.02862535803930344,678.7664794921875,0.0007310498015529188,620.6729125976562,-0.0009300911758545194,-0.029356407840856358,15.779999732971191,-0.01865672836805088,0.0,0.0,0.0,0.0,0
2025-12-04,GOOGL,317.1890869140625,-0.006288585407212111,678.7664794921875,0.0007310498015529188,620.6729125976562,-0.0009300911758545194,-0.007019635208765029,15.779999732971191,-0.01865672836805088,0.0,0.0,0.0,0.0,1
2025-12-04,NVDA,183.37008666992188,0.021160543078458716,678.7664794921875,0.0007310498015529188,620.6729125976562,-0.0009300911758545194,0.020429493276905797,15.779999732971191,-0.01865672836805088,0.0,0.0,0.0,0.0,0
2025-12-04,TSLA,454.5299987792969,0.017437455153354264,678.7664794921875,0.0007310498015529188,620.6729125976562,-0.0009300911758545194,0.016706405351801346,15.779999732971191,-0.01865672836805088,0.0,0.0,0.0,0.0,1
2025-12-05,AMD,217.97000122070312,0.009213841710018711,680.0557861328125,0.0018994848443159018,623.20361328125,0.004077349973276911,0.007314356865702809,15.40999984741211,-0.023447394918898135,0.0,0.0,0.0,0.0,1
2025-12-05,COST,892.1648559570312,-0.0013171175335754404,680.0557861328125,0.0018994848443159018,623.20361328125,0.004077349973276911,-0.003216602377891342,15.40999984741211,-0.023447394918898135,0.0,0.0,0.0,0.0,0
2025-12-05,GOOGL,320.8341064453125,0.01149162969858919,680.0557861328125,0.0018994848443159018,623.20361328125,0.004077349973276911,0.009592144854273288,15.40999984741211,-0.023447394918898135,0.0,0.0,0.0,0.0,0
2025-12-05,NVDA,182.40013122558594,-0.00528960563825176,680.0557861328125,0.0018994848443159018,623.20361328125,0.004077349973276911,-0.007189090482567662,15.40999984741211,-0.023447394918898135,0.0,0.0,0.0,0.0,1
2025-12-05,TSLA,455.0,0.0010340378456106247,680.0557861328125,0.0018994848443159018,623.20361328125,0.004077349973276911,-0.0008654469987052771,15.40999984741211,-0.023447394918898135,1.0,0.0,1.0,0.1,0
2025-12-08,AMD,221.11000061035156,0.014405649273126597,678.0127563476562,-0.0030042091058060105,622.0079956054688,-0.001918502477041395,0.017409858378932608,16.65999984741211,0.08111615914194314,0.0,0.0,0.0,0.0,1
2025-12-08,COST,885.0250244140625,-0.008002816402479573,678.0127563476562,-0.0030042091058060105,622.0079956054688,-0.001918502477041395,-0.004998607296673563,16.65999984741211,0.08111615914194314,0.0,0.0,0.0,0.0,1
2025-12-08,GOOGL,313.49932861328125,-0.022861590101180496,678.0127563476562,-0.0030042091058060105,622.0079956054688,-0.001918502477041395,-0.019857380995374485,16.65999984741211,0.08111615914194314,0.0,0.0,0.0,0.0,1
2025-12-08,NVDA,185.5399627685547,0.0172139763380188,678.0127563476562,-0.0030042091058060105,622.0079956054688,-0.001918502477041395,0.02021818544382481,16.65999984741211,0.08111615914194314,0.0,0.0,0.0,0.0,0
2025-12-08,TSLA,439.5799865722656,-0.033890139401614006,678.0127563476562,-0.0030042091058060105,622.0079956054688,-0.001918502477041395,-0.030885930295807995,16.65999984741211,0.08111615914194314,0.0,0.0,0.0,0.0,1
2025-12-09,AMD,221.6199951171875,0.0023065194040439163,677.427490234375,-0.000863208114894487,622.775146484375,0.0012333456873967474,0.0031697275189384033,16.93000030517578,0.016206510218282677,0.0,0.0,0.0,0.0,0
2025-12-09,COST,885.9423828125,0.0010365338528646184,677.427490234375,-0.000863208114894487,622.775146484375,0.0012333456873967474,0.0018997419677591054,16.93000030517578,0.016206510218282677,0.0,0.0,0.0,0.0,0
2025-12-09,GOOGL,316.85693359375,0.010710086670107533,677.427490234375,-0.000863208114894487,622.775146484375,0.0012333456873967474,0.01157329478500202,16.93000030517578,0.016206510218282677,0.0,0.0,0.0,0.0,1
2025-12-09,NVDA,184.95999145507812,-0.0031258565800189597,677.427490234375,-0.000863208114894487,622.775146484375,0.0012333456873967474,-0.0022626484651244727,16.93000030517578,0.016206510218282677,0.0,0.0,0.0,0.0,0
2025-12-09,TSLA,445.1700134277344,0.01271674558948499,677.427490234375,-0.000863208114894487,622.775146484375,0.0012333456873967474,0.013579953704379477,16.93000030517578,0.016206510218282677,0.0,0.0,0.0,0.0,1
2025-12-10,AMD,221.4199981689453,-0.000902431877306209,681.92041015625,0.006632325948745521,625.3258666992188,0.004095732190410706,-0.00753475782605173,15.770000457763672,-0.06851741444195236,0.0,0.0,0.0,0.0,1
2025-12-10,COST,871.9517822265625,-0.01579177253211783,681.92041015625,0.006632325948745521,625.3258666992188,0.004095732190410706,-0.022424098480863353,15.770000457763672,-0.06851741444195236,0.0,0.0,0.0,0.0,1
2025-12-10,GOOGL,319.9847412109375,0.009871356077685745,681.92041015625,0.006632325948745521,625.3258666992188,0.004095732190410706,0.0032390301289402235,15.770000457763672,-0.06851741444195236,0.0,0.0,0.0,0.0,0
2025-12-10,NVDA,183.77005004882812,-0.006433507035163322,681.92041015625,0.006632325948745521,625.3258666992188,0.004095732190410706,-0.013065832983908843,15.770000457763672,-0.06851741444195236,0.0,0.0,0.0,0.0,0
2025-12-10,TSLA,451.45001220703125,0.014106967203253218,681.92041015625,0.006632325948745521,625.3258666992188,0.004095732190410706,0.007474641254507697,15.770000457763672,-0.06851741444195236,0.0,0.0,0.0,0.0,0
2025-12-11,AMD,221.42999267578125,4.513823014451468e-05,683.5072021484375,0.0023269460314641055,623.3032836914062,-0.0032344464150966257,-0.002281807801319591,14.850000381469727,-0.05833862077290075,0.0,0.0,0.0,0.0,0
2025-12-11,COST,881.9935302734375,0.011516402915345836,683.5072021484375,0.0023269460314641055,623.3032836914062,-0.0032344464150966257,0.00918945688388173,14.850000381469727,-0.05833862077290075,0.0,0.0,0.0,0.0,0
2025-12-11,GOOGL,312.210205078125,-0.024296583966444296,683.5072021484375,0.0023269460314641055,623.3032836914062,-0.0032344464150966257,-0.0266235299979084,14.850000381469727,-0.05833862077290075,0.0,0.0,0.0,0.0,0
2025-12-11,NVDA,180.92019653320312,-0.015507714749317336,683.5072021484375,0.0023269460314641055,623.3032836914062,-0.0032344464150966257,-0.01783466078078144,14.850000381469727,-0.05833862077290075,0.0,0.0,0.0,0.0,0
2025-12-11,TSLA,446.8900146484375,-0.010100780674035192,683.5072021484375,0.0023269460314641055,623.3032836914062,-0.0032344464150966257,-0.012427726705499298,14.850000381469727,-0.05833862077290075,0.0,0.0,0.0,0.0,1
2025-12-12,AMD,210.77999877929688,-0.048096437920576274,676.1580810546875,-0.010752075575282682,611.3867797851562,-0.019118307600878626,-0.03734436234529359,15.739999771118164,0.059932617291983625,0.0,0.0,0.0,0.0,0
2025-12-12,COST,881.9835205078125,-1.1349023866347174e-05,676.1580810546875,-0.010752075575282682,611.3867797851562,-0.019118307600878626,0.010740726551416335,15.739999771118164,0.059932617291983625,0.0,0.0,0.0,0.0,0
2025-12-12,GOOGL,309.07244873046875,-0.010050140247244932,676.1580810546875,-0.010752075575282682,611.3867797851562,-0.019118307600878626,0.0007019353280377505,15.739999771118164,0.059932617291983625,0.0,0.0,0.0,0.0,0
2025-12-12,NVDA,175.01052856445312,-0.03266450115570951,676.1580810546875,-0.010752075575282682,611.3867797851562,-0.019118307600878626,-0.02191242558042683,15.739999771118164,0.059932617291983625,0.0,0.0,0.0,0.0,1
2025-12-12,TSLA,458.9599914550781,0.027008830833098685,676.1580810546875,-0.010752075575282682,611.3867797851562,-0.019118307600878626,0.03776090640838137,15.739999771118164,0.059932617291983625,0.0,0.0,0.0,0.0,1
2025-12-15,AMD,207.5800018310547,-0.015181691653736284,675.1365356445312,-0.0015108085502177904,608.3179931640625,-0.005019386618356658,-0.013670883103518494,16.5,0.04828464040237068,0.0,0.0,0.0,0.0,1
2025-12-15,COST,858.1407470703125,-0.027033128038233878,675.1365356445312,-0.0015108085502177904,608.3179931640625,-0.005019386618356658,-0.025522319488016088,16.5,0.04828464040237068,0.0,0.0,0.0,0.0,0
2025-12-15,GOOGL,308.003173828125,-0.003459625426775692,675.1365356445312,-0.0015108085502177904,608.3179931640625,-0.005019386618356658,-0.0019488168765579017,16.5,0.04828464040237068,0.0,0.0,0.0,0.0,0
2025-12-15,NVDA,176.28045654296875,0.007256294743706926,675.1365356445312,-0.0015108085502177904,608.3179931640625,-0.005019386618356658,0.008767103293924716,16.5,0.04828464040237068,0.0,0.0,0.0,0.0,1
2025-12-15,TSLA,475.30999755859375,0.035624033484225714,675.1365356445312,-0.0015108085502177904,608.3179931640625,-0.005019386618356658,0.037134842034443505,16.5,0.04828464040237068,0.0,0.0,0.0,0.0,1
2025-12-16,AMD,209.1699981689453,0.00765967975655335,673.2918701171875,-0.002732285145230273,609.5235595703125,0.001981802971139146,0.010391964901783624,16.479999542236328,-0.0012121489553740261,0.0,0.0,0.0,0.0,0
2025-12-16,COST,857.9712524414062,-0.0001975137872020083,673.2918701171875,-0.002732285145230273,609.5235595703125,0.001981802971139146,0.002534771358028265,16.479999542236328,-0.0012121489553740261,0.0,0.0,0.0,0.0,1
2025-12-16,GOOGL,306.3543395996094,-0.005353302720950914,673.2918701171875,-0.002732285145230273,609.5235595703125,0.001981802971139146,-0.002621017575720641,16.479999542236328,-0.0012121489553740261,0.0,0.0,0.0,0.0,0
2025-12-16,NVDA,177.71038818359375,0.008111685598434226,673.2918701171875,-0.002732285145230273,609.5235595703125,0.001981802971139146,0.0108439707436645,16.479999542236328,-0.0012121489553740261,0.0,0.0,0.0,0.0,0
2025-12-16,TSLA,489.8800048828125,0.030653694218629735,673.2918701171875,-0.002732285145230273,609.5235595703125,0.001981802971139146,0.03338597936386001,16.479999542236328,-0.0012121489553740261,0.0,0.0,0.0,0.0,0
2025-12-17,AMD,198.11000061035156,-0.05287564017503432,665.8832397460938,-0.011003593983400228,598.224853515625,-0.01853694722260213,-0.041872046191634094,17.6200008392334,0.06917483790429602,0.0,0.0,0.0,0.0,1
2025-12-17,COST,860.2249145507812,0.002626733824661498,665.8832397460938,-0.011003593983400228,598.224853515625,-0.01853694722260213,0.013630327808061726,17.6200008392334,0.06917483790429602,0.0,0.0,0.0,0.0,0
2025-12-17,GOOGL,296.5112609863281,-0.03212971824112465,665.8832397460938,-0.011003593983400228,598.224853515625,-0.01853694722260213,-0.02112612425772442,17.6200008392334,0.06917483790429602,0.0,0.0,0.0,0.0,1
2025-12-17,NVDA,170.93075561523438,-0.038149894542773066,665.8832397460938,-0.011003593983400228,598.224853515625,-0.01853694722260213,-0.027146300559372838,17.6200008392334,0.06917483790429602,0.0,0.0,0.0,0.0,1
2025-12-17,TSLA,467.260009765625,-0.04617456293730249,665.8832397460938,-0.011003593983400228,598.224853515625,-0.01853694722260213,-0.03517096895390226,17.6200008392334,0.06917483790429602,0.0,0.0,0.0,0.0,1
2025-12-18,AMD,201.05999755859375,0.014890701828043085,670.9114990234375,0.00755126270975226,606.8931884765625,0.014490095003568904,0.007339439118290825,16.8700008392334,-0.04256526471497213,0.0,0.0,0.0,0.0,1
2025-12-18,COST,856.4200439453125,-0.004423111376000599,670.9114990234375,0.00755126270975226,606.8931884765625,0.014490095003568904,-0.011974374085752859,16.8700008392334,-0.04256526471497213,0.0,0.0,0.0,0.0,0
2025-12-18,GOOGL,302.2472229003906,0.01934483666819986,670.9114990234375,0.00755126270975226,606.8931884765625,0.014490095003568904,0.0117935739584476,16.8700008392334,-0.04256526471497213,0.0,0.0,0.0,0.0,1
2025-12-18,NVDA,174.1305694580078,0.018719942068098128,670.9114990234375,0.00755126270975226,606.8931884765625,0.014490095003568904,0.011168679358345868,16.8700008392334,-0.04256526471497213,0.0,0.0,0.0,0.0,1
2025-12-18,TSLA,483.3699951171875,0.034477560704677446,670.9114990234375,0.00755126270975226,606.8931884765625,0.014490095003568904,0.026926297994925186,16.8700008392334,-0.04256526471497213,0.0,0.0,0.0,0.0,0
2025-12-19,AMD,213.42999267578125,0.06152389966871752,676.9923095703125,0.009063506223587092,614.8043212890625,0.013035461532133308,0.05246039344513043,14.90999984741211,-0.11618262562637516,0.0,0.0,0.0,0.0,1
2025-12-19,COST,854.4526977539062,-0.0022971743892671315,676.9923095703125,0.009063506223587092,614.8043212890625,0.013035461532133308,-0.011360680612854224,14.90999984741211,-0.11618262562637516,0.0,0.0,0.0,0.0,0
2025-12-19,GOOGL,306.9439392089844,0.015539319976288546,676.9923095703125,0.009063506223587092,614.8043212890625,0.013035461532133308,0.006475813752701454,14.90999984741211,-0.11618262562637516,0.0,0.0,0.0,0.0,1
2025-12-19,NVDA,180.98020935058594,0.03933622863520214,676.9923095703125,0.009063506223587092,614.8043212890625,0.013035461532133308,0.03027272241161505,14.90999984741211,-0.11618262562637516,0.0,0.0,0.0,0.0,1
2025-12-19,TSLA,481.20001220703125,-0.00448927929345333,676.9923095703125,0.009063506223587092,614.8043212890625,0.013035461532133308,-0.013552785517040422,14.90999984741211,-0.11618262562637516,0.0,0.0,0.0,0.0,1
2025-12-22,AMD,214.9499969482422,0.0071217932091200975,681.2098999023438,0.00622989400678442,617.7513427734375,0.004793430010699984,0.0008918992023356775,14.079999923706055,-0.05566733281020897,0.0,0.0,0.0,0.0,0
2025-12-22,COST,848.84033203125,-0.00656837498132945,681.2098999023438,0.00622989400678442,617.7513427734375,0.004793430010699984,-0.01279826898811387,14.079999923706055,-0.05566733281020897,0.0,0.0,0.0,0.0,1
2025-12-22,GOOGL,309.56207275390625,0.008529679887698594,681.2098999023438,0.00622989400678442,617.7513427734375,0.004793430010699984,0.0022997858809141736,14.079999923706055,-0.05566733281020897,0.0,0.0,0.0,0.0,1
2025-12-22,NVDA,183.6800537109375,0.01491789831628254,681.2098999023438,0.00622989400678442,617.7513427734375,0.004793430010699984,0.00868800430949812,14.079999923706055,-0.05566733281020897,0.0,0.0,0.0,0.0,1
2025-12-22,TSLA,488.7300109863281,0.01564837611861325,681.2098999023438,0.00622989400678442,617.7513427734375,0.004793430010699984,0.00941848211182883,14.079999923706055,-0.05566733281020897,0.0,0.0,0.0,0.0,0
2025-12-23,AMD,214.89999389648438,-0.0002326264362304542,684.3233032226562,0.0045704023396588855,620.6444702148438,0.004683320360612031,-0.00480302877588934,14.0,-0.005681812794001595,0.0,0.0,0.0,0.0,1
2025-12-23,COST,853.623779296875,0.005635273307735389,684.3233032226562,0.0045704023396588855,620.6444702148438,0.004683320360612031,0.0010648709680765034,14.0,-0.005681812794001595,0.0,0.0,0.0,0.0,1
2025-12-23,GOOGL,314.1288757324219,0.014752462851436388,684.3233032226562,0.0045704023396588855,620.6444702148438,0.004683320360612031,0.010182060511777502,14.0,-0.005681812794001595,0.0,0.0,0.0,0.0,0
2025-12-23,NVDA,189.19976806640625,0.030050700900573935,684.3233032226562,0.0045704023396588855,620.6444702148438,0.004683320360612031,0.02548029856091505,14.0,-0.005681812794001595,0.0,0.0,0.0,0.0,0
2025-12-23,TSLA,485.55999755859375,-0.00648622625268469,684.3233032226562,0.0045704023396588855,620.6444702148438,0.004683320360612031,-0.011056628592343576,14.0,-0.005681812794001595,0.0,0.0,0.0,0.0,0
2025-12-24,AMD,215.0399932861328,0.000651462976382744,686.7305297851562,0.003517674396244841,622.4602661132812,0.002925661929782386,-0.002866211419862097,13.470000267028809,-0.03785712378365658,0.0,0.0,0.0,0.0,0
2025-12-24,COST,870.6705322265625,0.01996986651863053,686.7305297851562,0.003517674396244841,622.4602661132812,0.002925661929782386,0.01645219212238569,13.470000267028809,-0.03785712378365658,0.0,0.0,0.0,0.0,1
2025-12-24,GOOGL,313.8690490722656,-0.0008271339575212089,686.7305297851562,0.003517674396244841,622.4602661132812,0.002925661929782386,-0.00434480835376605,13.470000267028809,-0.03785712378365658,0.0,0.0,0.0,0.0,0
2025-12-24,NVDA,188.59979248046875,-0.0031711222062752453,686.7305297851562,0.003517674396244841,622.4602661132812,0.002925661929782386,-0.006688796602520086,13.470000267028809,-0.03785712378365658,0.0,0.0,0.0,0.0,1
2025-12-24,TSLA,485.3999938964844,-0.00032952397832164415,686.7305297851562,0.003517674396244841,622.4602661132812,0.002925661929782386,-0.003847198374566485,13.470000267028809,-0.03785712378365658,0.0,0.0,0.0,0.0,0
2025-12-26,AMD,214.99000549316406,-0.00023245812188166237,686.660888671875,-0.00010140966545213459,622.4202880859375,-6.42258301777332e-05,-0.00013104845642952778,13.600000381469727,0.0096510847708835,0.0,0.0,0.0,0.0,1
2025-12-26,COST,872.158447265625,0.001708930053320401,686.660888671875,-0.00010140966545213459,622.4202880859375,-6.42258301777332e-05,0.0018103397187725356,13.600000381469727,0.0096510847708835,0.0,0.0,0.0,0.0,0
2025-12-26,GOOGL,313.2894592285156,-0.0018465976351066393,686.660888671875,-0.00010140966545213459,622.4202880859375,-6.42258301777332e-05,-0.0017451879696545047,13.600000381469727,0.0096510847708835,0.0,0.0,0.0,0.0,1
2025-12-26,NVDA,190.51968383789062,0.010179710869091751,686.660888671875,-0.00010140966545213459,622.4202880859375,-6.42258301777332e-05,0.010281120534543886,13.600000381469727,0.0096510847708835,0.0,0.0,0.0,0.0,0
2025-12-26,TSLA,475.19000244140625,-0.021034181259704576,686.660888671875,-0.00010140966545213459,622.4202880859375,-6.42258301777332e-05,-0.02093277159425244,13.600000381469727,0.0096510847708835,0.0,0.0,0.0,0.0,0
2025-12-29,AMD,215.61000061035156,0.002883832277529752,684.2138671875,-0.0035636535074947684,619.4074096679688,-0.004840585173137457,0.00644748578502452,14.199999809265137,0.044117603747491074,0.0,0.0,0.0,0.0,0
2025-12-29,COST,866.6560668945312,-0.006308922866418043,684.2138671875,-0.0035636535074947684,619.4074096679688,-0.004840585173137457,-0.0027452693589232746,14.199999809265137,0.044117603747491074,0.0,0.0,0.0,0.0,0
2025-12-29,GOOGL,313.33941650390625,0.00015946044119585778,684.2138671875,-0.0035636535074947684,619.4074096679688,-0.004840585173137457,0.003723113948690626,14.199999809265137,0.044117603747491074,0.0,0.0,0.0,0.0,1
2025-12-29,NVDA,188.20980834960938,-0.012124077899723362,684.2138671875,-0.0035636535074947684,619.4074096679688,-0.004840585173137457,-0.008560424392228594,14.199999809265137,0.044117603747491074,0.0,0.0,0.0,0.0,0
2025-12-29,TSLA,459.6400146484375,-0.03272372674735757,684.2138671875,-0.0035636535074947684,619.4074096679688,-0.004840585173137457,-0.029160073239862805,14.199999809265137,0.044117603747491074,0.0,0.0,0.0,0.0,0
2025-12-30,AMD,215.33999633789062,-0.001252280838999198,683.3783569335938,-0.0012211244085722495,617.9707641601562,-0.002319387022803987,-3.115643042694849e-05,14.329999923706055,0.009154937759653814,0.0,0.0,0.0,0.0,0
2025-12-30,COST,864.4690551757812,-0.0025235059238513102,683.3783569335938,-0.0012211244085722495,617.9707641601562,-0.002319387022803987,-0.0013023815152790608,14.329999923706055,0.009154937759653814,0.0,0.0,0.0,0.0,0
2025-12-30,GOOGL,313.6292419433594,0.0009249568493068239,683.3783569335938,-0.0012211244085722495,617.9707641601562,-0.002319387022803987,0.0021460812578790733,14.329999923706055,0.009154937759653814,0.0,0.0,0.0,0.0,0
2025-12-30,NVDA,187.52984619140625,-0.003612788112190568,683.3783569335938,-0.0012211244085722495,617.9707641601562,-0.002319387022803987,-0.0023916637036183186,14.329999923706055,0.009154937759653814,0.0,0.0,0.0,0.0,0
2025-12-30,TSLA,454.42999267578125,-0.011335005235871831,683.3783569335938,-0.0012211244085722495,617.9707641601562,-0.002319387022803987,-0.010113880827299582,14.329999923706055,0.009154937759653814,0.0,0.0,0.0,0.0,0
2025-12-31,AMD,214.16000366210938,-0.005479672591475859,678.3152465820312,-0.0074089416209803804,612.8628540039062,-0.008265617813153048,0.0019292690295045212,14.949999809265137,0.04326586802930965,0.0,0.0,0.0,0.0,1
2025-12-31,COST,861.16357421875,-0.0038237122974391635,678.3152465820312,-0.0074089416209803804,612.8628540039062,-0.008265617813153048,0.003585229323541217,14.949999809265137,0.04326586802930965,0.0,0.0,0.0,0.0,0
2025-12-31,GOOGL,312.7798156738281,-0.0027083771406897217,678.3152465820312,-0.0074089416209803804,612.8628540039062,-0.008265617813153048,0.004700564480290659,14.949999809265137,0.04326586802930965,0.0,0.0,0.0,0.0,1
2025-12-31,NVDA,186.4899139404297,-0.005545422619901985,678.3152465820312,-0.0074089416209803804,612.8628540039062,-0.008265617813153048,0.0018635190010783953,14.949999809265137,0.04326586802930965,0.0,0.0,0.0,0.0,1
2025-12-31,TSLA,449.7200012207031,-0.010364613980130777,678.3152465820312,-0.0074089416209803804,612.8628540039062,-0.008265617813153048,-0.0029556723591503964,14.949999809265137,0.04326586802930965,0.0,0.0,0.0,0.0,0
2026-01-02,AMD,223.47000122070312,0.04347215819664707,679.55859375,0.0018329931020035772,611.6757202148438,-0.0019370300896959236,0.04163916509464349,14.510000228881836,-0.02943141043457509,0.0,0.0,0.0,0.0,0
2026-01-02,COST,853.334228515625,-0.009091589493004038,679.55859375,0.0018329931020035772,611.6757202148438,-0.0019370300896959236,-0.010924582595007615,14.510000228881836,-0.02943141043457509,0.0,0.0,0.0,0.0,1
2026-01-02,GOOGL,314.9283142089844,0.006869044700111848,679.55859375,0.0018329931020035772,611.6757202148438,-0.0019370300896959236,0.005036051598108271,14.510000228881836,-0.02943141043457509,0.0,0.0,0.0,0.0,1
2026-01-02,NVDA,188.83978271484375,0.012600514015812525,679.55859375,0.0018329931020035772,611.6757202148438,-0.0019370300896959236,0.010767520913808948,14.510000228881836,-0.02943141043457509,0.0,0.0,0.0,0.0,0
2026-01-02,TSLA,438.07000732421875,-0.02590499391813139,679.55859375,0.0018329931020035772,611.6757202148438,-0.0019370300896959236,-0.02773798702013497,14.510000228881836,-0.02943141043457509,0.0,0.0,0.0,0.0,1
2026-01-05,AMD,221.0800018310547,-0.010694945078055573,684.0845336914062,0.006660117292359935,616.5341796875,0.007942867947986931,-0.017355062370415508,14.899999618530273,0.02687797267378067,0.0,0.0,0.0,0.0,0
2026-01-05,COST,874.5452270507812,0.024856612832761638,684.0845336914062,0.006660117292359935,616.5341796875,0.007942867947986931,0.018196495540401703,14.899999618530273,0.02687797267378067,0.0,0.0,0.0,0.0,1
2026-01-05,GOOGL,316.3173522949219,0.004410648465910105,684.0845336914062,0.006660117292359935,616.5341796875,0.007942867947986931,-0.0022494688264498297,14.899999618530273,0.02687797267378067,0.0,0.0,0.0,0.0,0
2026-01-05,NVDA,188.1098175048828,-0.003865526635683625,684.0845336914062,0.006660117292359935,616.5341796875,0.007942867947986931,-0.01052564392804356,14.899999618530273,0.02687797267378067,0.0,0.0,0.0,0.0,0
2026-01-05,TSLA,451.6700134277344,0.031045280151877908,684.0845336914062,0.006660117292359935,616.5341796875,0.007942867947986931,0.024385162859517973,14.899999618530273,0.02687797267378067,0.0,0.0,0.0,0.0,0
2026-01-06,AMD,214.35000610351562,-0.03044144957390582,688.1529541015625,0.0059472480516442605,621.951416015625,0.008786595304206557,-0.03638869762555008,14.75,-0.010067088749702191,0.0,0.0,0.0,0.0,0
2026-01-06,COST,887.886962890625,0.015255627070124067,688.1529541015625,0.0059472480516442605,621.951416015625,0.008786595304206557,0.009308379018479807,14.75,-0.010067088749702191,0.0,0.0,0.0,0.0,0
2026-01-06,GOOGL,314.1188659667969,-0.00695025521734649,688.1529541015625,0.0059472480516442605,621.951416015625,0.008786595304206557,-0.012897503268990751,14.75,-0.010067088749702191,0.0,0.0,0.0,0.0,1
2026-01-06,NVDA,187.22987365722656,-0.004677819899715829,688.1529541015625,0.0059472480516442605,621.951416015625,0.008786595304206557,-0.01062506795136009,14.75,-0.010067088749702191,0.0,0.0,0.0,0.0,1
2026-01-06,TSLA,432.9599914550781,-0.041424095947095174,688.1529541015625,0.0059472480516442605,621.951416015625,0.008786595304206557,-0.047371343998739435,14.75,-0.010067088749702191,0.0,0.0,0.0,0.0,0
2026-01-07,AMD,210.02000427246094,-0.020200614451877374,685.9347534179688,-0.003223412281198157,622.550048828125,0.0009625073552126384,-0.016977202170679218,15.380000114440918,0.042711872165486,0.0,0.0,0.0,0.0,0
2026-01-07,COST,881.3759155273438,-0.007333194016143407,685.9347534179688,-0.003223412281198157,622.550048828125,0.0009625073552126384,-0.00410978173494525,15.380000114440918,0.042711872165486,0.0,0.0,0.0,0.0,1
2026-01-07,GOOGL,321.7535095214844,0.02430495071090233,685.9347534179688,-0.003223412281198157,622.550048828125,0.0009625073552126384,0.027528362992100486,15.380000114440918,0.042711872165486,0.0,0.0,0.0,0.0,1
2026-01-07,NVDA,189.09976196289062,0.009987125820996923,685.9347534179688,-0.003223412281198157,622.550048828125,0.0009625073552126384,0.01321053810219508,15.380000114440918,0.042711872165486,0.0,0.0,0.0,0.0,0
2026-01-07,TSLA,431.4100036621094,-0.0035799792672750463,685.9347534179688,-0.003223412281198157,622.550048828125,0.0009625073552126384,-0.0003565669860768894,15.380000114440918,0.042711872165486,0.0,0.0,0.0,0.0,1
2026-01-08,AMD,204.67999267578125,-0.0254262045902639,685.8651123046875,-0.00010152731427326422,619.0083618164062,-0.005688999652936455,-0.025324677275990637,15.449999809265137,0.004551345533378326,0.0,0.0,0.0,0.0,0
2026-01-08,COST,914.0612182617188,0.037084406504140466,685.8651123046875,-0.00010152731427326422,619.0083618164062,-0.005688999652936455,0.03718593381841373,15.449999809265137,0.004551345533378326,0.0,0.0,0.0,0.0,1
2026-01-08,GOOGL,325.2110595703125,0.010745959085171286,685.8651123046875,-0.00010152731427326422,619.0083618164062,-0.005688999652936455,0.01084748639944455,15.449999809265137,0.004551345533378326,0.0,0.0,0.0,0.0,1
2026-01-08,NVDA,185.0299835205078,-0.021521859150629097,685.8651123046875,-0.00010152731427326422,619.0083618164062,-0.005688999652936455,-0.021420331836355833,15.449999809265137,0.004551345533378326,0.0,0.0,0.0,0.0,0
2026-01-08,TSLA,435.79998779296875,0.010175897854927118,685.8651123046875,-0.00010152731427326422,619.0083618164062,-0.005688999652936455,0.010277425169200383,15.449999809265137,0.004551345533378326,0.0,0.0,0.0,0.0,1
2026-01-09,AMD,203.1699981689453,-0.0073773429786457845,690.4010009765625,0.006613382996888628,625.173828125,0.00996023105487942,-0.013990725975534413,14.489999771118164,-0.062135925566243366,0.0,0.0,0.0,0.0,1
2026-01-09,COST,923.6182250976562,0.010455543507372766,690.4010009765625,0.006613382996888628,625.173828125,0.00996023105487942,0.0038421605104841383,14.489999771118164,-0.062135925566243366,0.0,0.0,0.0,0.0,1
2026-01-09,GOOGL,328.3388671875,0.009617777517530124,690.4010009765625,0.006613382996888628,625.173828125,0.00996023105487942,0.0030043945206414957,14.489999771118164,-0.062135925566243366,0.0,0.0,0.0,0.0,1
2026-01-09,NVDA,184.84999084472656,-0.000972775721840291,690.4010009765625,0.006613382996888628,625.173828125,0.00996023105487942,-0.007586158718728919,14.489999771118164,-0.062135925566243366,0.0,0.0,0.0,0.0,1
2026-01-09,TSLA,445.010009765625,0.02113359850994656,690.4010009765625,0.006613382996888628,625.173828125,0.00996023105487942,0.014520215513057932,14.489999771118164,-0.062135925566243366,0.0,0.0,0.0,0.0,1
2026-01-12,AMD,207.69000244140625,0.022247400271679707,691.4852294921875,0.00157043300066384,625.6925659179688,0.0008297496946161331,0.020676967271015867,15.119999885559082,0.04347826945426525,0.0,0.0,0.0,0.0,1
2026-01-12,COST,941.7933959960938,0.019678228952785926,691.4852294921875,0.00157043300066384,625.6925659179688,0.0008297496946161331,0.018107795952122085,15.119999885559082,0.04347826945426525,0.0,0.0,0.0,0.0,0
2026-01-12,GOOGL,331.62652587890625,0.010013004916438417,691.4852294921875,0.00157043300066384,625.6925659179688,0.0008297496946161331,0.008442571915774577,15.119999885559082,0.04347826945426525,0.0,0.0,0.0,0.0,1
2026-01-12,NVDA,184.92999267578125,0.000432793264901532,691.4852294921875,0.00157043300066384,625.6925659179688,0.0008297496946161331,-0.001137639735762308,15.119999885559082,0.04347826945426525,0.0,0.0,0.0,0.0,1
2026-01-12,TSLA,448.9599914550781,0.00887616368794375,691.4852294921875,0.00157043300066384,625.6925659179688,0.0008297496946161331,0.00730573068727991,15.119999885559082,0.04347826945426525,0.0,0.0,0.0,0.0,0
2026-01-13,AMD,220.97000122070312,0.06394144457215001,690.1026000976562,-0.0019995067653818532,624.7647705078125,-0.0014828295247444334,0.06594095133753186,15.979999542236328,0.056878284602278395,0.0,0.0,0.0,0.0,1
2026-01-13,COST,940.6448974609375,-0.0012194803446688995,690.1026000976562,-0.0019995067653818532,624.7647705078125,-0.0014828295247444334,0.0007800264207129537,15.979999542236328,0.056878284602278395,0.0,0.0,0.0,0.0,1
2026-01-13,GOOGL,335.7336730957031,0.012384857350936418,690.1026000976562,-0.0019995067653818532,624.7647705078125,-0.0014828295247444334,0.014384364116318271,15.979999542236328,0.056878284602278395,0.0,0.0,0.0,0.0,0
2026-01-13,NVDA,185.79994201660156,0.004704209026523465,690.1026000976562,-0.0019995067653818532,624.7647705078125,-0.0014828295247444334,0.006703715791905318,15.979999542236328,0.056878284602278395,0.0,0.0,0.0,0.0,0
2026-01-13,TSLA,447.20001220703125,-0.003920124914344347,690.1026000976562,-0.0019995067653818532,624.7647705078125,-0.0014828295247444334,-0.001920618148962494,15.979999542236328,0.056878284602278395,0.0,0.0,0.0,0.0,0
2026-01-14,AMD,223.60000610351562,0.01190209018547117,686.7106323242188,-0.0049151644595419874,618.0905151367188,-0.010682829260153182,0.016817254645013158,16.75,0.04818526156577807,0.0,0.0,0.0,0.0,1
2026-01-14,COST,949.6825561523438,0.009607938889374168,686.7106323242188,-0.0049151644595419874,618.0905151367188,-0.010682829260153182,0.014523103348916155,16.75,0.04818526156577807,0.0,0.0,0.0,0.0,1
2026-01-14,GOOGL,335.603759765625,-0.00038695353039874814,686.7106323242188,-0.0049151644595419874,618.0905151367188,-0.010682829260153182,0.004528210929143239,16.75,0.04818526156577807,0.0,0.0,0.0,0.0,0
2026-01-14,NVDA,183.1300811767578,-0.01436954614122099,686.7106323242188,-0.0049151644595419874,618.0905151367188,-0.010682829260153182,-0.009454381681679003,16.75,0.04818526156577807,0.0,0.0,0.0,0.0,1
2026-01-14,TSLA,439.20001220703125,-0.017889087168218576,686.7106323242188,-0.0049151644595419874,618.0905151367188,-0.010682829260153182,-0.012973922708676588,16.75,0.04818526156577807,0.0,0.0,0.0,0.0,0
2026-01-15,AMD,227.9199981689453,0.019320178656121012,688.5806884765625,0.002723208385480236,620.3153076171875,0.0035994606388298767,0.016596970270640776,15.84000015258789,-0.054328349099230455,0.0,0.0,0.0,0.0,1
2026-01-15,COST,955.4447021484375,0.006067444283107903,688.5806884765625,0.002723208385480236,620.3153076171875,0.0035994606388298767,0.0033442358976276676,15.84000015258789,-0.054328349099230455,0.0,0.0,0.0,0.0,1
2026-01-15,GOOGL,332.5458984375,-0.0091115228573736,688.5806884765625,0.002723208385480236,620.3153076171875,0.0035994606388298767,-0.011834731242853835,15.84000015258789,-0.054328349099230455,0.0,0.0,0.0,0.0,0
2026-01-15,NVDA,187.03988647460938,0.02134988022026696,688.5806884765625,0.002723208385480236,620.3153076171875,0.0035994606388298767,0.018626671834786723,15.84000015258789,-0.054328349099230455,0.0,0.0,0.0,0.0,0
2026-01-15,TSLA,438.57000732421875,-0.0014344373071545347,688.5806884765625,0.002723208385480236,620.3153076171875,0.0035994606388298767,-0.0041576456926347705,15.84000015258789,-0.054328349099230455,0.0,0.0,0.0,0.0,0
2026-01-16,AMD,231.8300018310547,0.017155158360483647,688.0037231445312,-0.000837905189162047,619.7965087890625,-0.0008363469702494797,0.017993063549645694,15.859999656677246,0.0012625949429734273,0.0,0.0,0.0,0.0,1
2026-01-16,COST,962.2953491210938,0.007170113515990728,688.0037231445312,-0.000837905189162047,619.7965087890625,-0.0008363469702494797,0.008008018705152775,15.859999656677246,0.0012625949429734273,0.0,0.0,0.0,0.0,1
2026-01-16,GOOGL,329.7678527832031,-0.008353871352345,688.0037231445312,-0.000837905189162047,619.7965087890625,-0.0008363469702494797,-0.007515966163182952,15.859999656677246,0.0012625949429734273,0.0,0.0,0.0,0.0,0
2026-01-16,NVDA,186.21990966796875,-0.004383967623675433,688.0037231445312,-0.000837905189162047,619.7965087890625,-0.0008363469702494797,-0.003546062434513386,15.859999656677246,0.0012625949429734273,0.0,0.0,0.0,0.0,0
2026-01-16,TSLA,437.5,-0.0024397640202233895,688.0037231445312,-0.000837905189162047,619.7965087890625,-0.0008363469702494797,-0.0016018588310613424,15.859999656677246,0.0012625949429734273,0.0,0.0,0.0,0.0,0
2026-01-20,AMD,231.9199981689453,0.0003881997031436324,673.9981689453125,-0.02035680001149731,606.6276245117188,-0.021247109479646253,0.020744999714640944,20.09000015258789,0.2667087381764075,0.0,0.0,0.0,0.0,1
2026-01-20,COST,962.9444580078125,0.0006745422674145907,673.9981689453125,-0.02035680001149731,606.6276245117188,-0.021247109479646253,0.021031342278911902,20.09000015258789,0.2667087381764075,0.0,0.0,0.0,0.0,1
2026-01-20,GOOGL,321.77349853515625,-0.024242369838586297,673.9981689453125,-0.02035680001149731,606.6276245117188,-0.021247109479646253,-0.003885569827088986,20.09000015258789,0.2667087381764075,0.0,0.0,0.0,0.0,1
2026-01-20,NVDA,178.06036376953125,-0.04381672138594639,673.9981689453125,-0.02035680001149731,606.6276245117188,-0.021247109479646253,-0.023459921374449078,20.09000015258789,0.2667087381764075,0.0,0.0,0.0,0.0,1
2026-01-20,TSLA,419.25,-0.041714285714285704,673.9981689453125,-0.02035680001149731,606.6276245117188,-0.021247109479646253,-0.021357485702788392,20.09000015258789,0.2667087381764075,0.0,0.0,0.0,0.0,1
2026-01-21,AMD,249.8000030517578,0.077095571852271,681.77685546875,0.0115411092816613,614.8282470703125,0.013518379690002691,0.0655544625706097,16.899999618530273,-0.1587854907829206,0.0,0.0,0.0,0.0,1
2026-01-21,COST,981.5191040039062,0.019289426136292365,681.77685546875,0.0115411092816613,614.8282470703125,0.013518379690002691,0.0077483168546310655,16.899999618530273,-0.1587854907829206,0.0,0.0,0.0,0.0,0
2026-01-21,GOOGL,328.1490173339844,0.019813685178711404,681.77685546875,0.0115411092816613,614.8282470703125,0.013518379690002691,0.008272575897050105,16.899999618530273,-0.1587854907829206,0.0,0.0,0.0,0.0,1
2026-01-21,NVDA,183.31008911132812,0.02948284071008489,681.77685546875,0.0115411092816613,614.8282470703125,0.013518379690002691,0.01794173142842359,16.899999618530273,-0.1587854907829206,0.0,0.0,0.0,0.0,1
2026-01-21,TSLA,431.44000244140625,0.02907573629435012,681.77685546875,0.0115411092816613,614.8282470703125,0.013518379690002691,0.01753462701268882,16.899999618530273,-0.1587854907829206,0.0,0.0,0.0,0.0,1
2026-01-22,AMD,253.72999572753906,0.01573255655632222,685.3379516601562,0.005223257672714476,619.2976684570312,0.00726938199084981,0.010509298883607743,15.640000343322754,-0.07455617181351726,0.0,0.0,0.0,0.0,1
2026-01-22,COST,974.8381958007812,-0.006806702157779343,685.3379516601562,0.005223257672714476,619.2976684570312,0.00726938199084981,-0.01202995983049382,15.640000343322754,-0.07455617181351726,0.0,0.0,0.0,0.0,1
2026-01-22,GOOGL,330.3074951171875,0.006577736544023383,685.3379516601562,0.005223257672714476,619.2976684570312,0.00726938199084981,0.0013544788713089062,15.640000343322754,-0.07455617181351726,0.0,0.0,0.0,0.0,0
2026-01-22,NVDA,184.82998657226562,0.008291401026019996,685.3379516601562,0.005223257672714476,619.2976684570312,0.00726938199084981,0.003068143353305519,15.640000343322754,-0.07455617181351726,0.0,0.0,0.0,0.0,1
2026-01-22,TSLA,449.3599853515625,0.041535283721378935,685.3379516601562,0.005223257672714476,619.2976684570312,0.00726938199084981,0.03631202604866446,15.640000343322754,-0.07455617181351726,0.0,0.0,0.0,0.0,0
2026-01-23,AMD,259.67999267578125,0.02345011251500373,685.5865478515625,0.00036273518897367296,621.2530517578125,0.003157420737031069,0.023087377326030056,16.09000015258789,0.02877236568970143,0.0,0.0,0.0,0.0,0
2026-01-23,COST,981.9085693359375,0.007252868799778822,685.5865478515625,0.00036273518897367296,621.2530517578125,0.003157420737031069,0.006890133610805149,16.09000015258789,0.02877236568970143,0.0,0.0,0.0,0.0,0
2026-01-23,GOOGL,327.6993103027344,-0.007896232610549059,685.5865478515625,0.00036273518897367296,621.2530517578125,0.003157420737031069,-0.008258967799522732,16.09000015258789,0.02877236568970143,0.0,0.0,0.0,0.0,1
2026-01-23,NVDA,187.6598358154297,0.015310552663258647,685.5865478515625,0.00036273518897367296,621.2530517578125,0.003157420737031069,0.014947817474284975,16.09000015258789,0.02877236568970143,0.0,0.0,0.0,0.0,0
2026-01-23,TSLA,449.05999755859375,-0.0006675890216037983,685.5865478515625,0.00036273518897367296,621.2530517578125,0.003157420737031069,-0.0010303242105774713,16.09000015258789,0.02877236568970143,0.0,0.0,0.0,0.0,0
2026-01-26,AMD,251.30999755859375,-0.032231959924759024,689.0680541992188,0.005078142735685631,623.9866333007812,0.004400109641689687,-0.037310102660444655,16.149999618530273,0.0037289910113973423,0.0,0.0,0.0,0.0,1
2026-01-26,COST,976.336181640625,-0.005675057606515321,689.0680541992188,0.005078142735685631,623.9866333007812,0.004400109641689687,-0.010753200342200953,16.149999618530273,0.0037289910113973423,0.0,0.0,0.0,0.0,0
2026-01-26,GOOGL,333.02557373046875,0.01625350820181426,689.0680541992188,0.005078142735685631,623.9866333007812,0.004400109641689687,0.011175365466128628,16.149999618530273,0.0037289910113973423,0.0,0.0,0.0,0.0,1
2026-01-26,NVDA,186.4599151611328,-0.006394126101000319,689.0680541992188,0.005078142735685631,623.9866333007812,0.004400109641689687,-0.01147226883668595,16.149999618530273,0.0037289910113973423,0.0,0.0,0.0,0.0,1
2026-01-26,TSLA,435.20001220703125,-0.030864440001147186,689.0680541992188,0.005078142735685631,623.9866333007812,0.004400109641689687,-0.03594258273683282,16.149999618530273,0.0037289910113973423,0.0,0.0,0.0,0.0,0
2026-01-27,AMD,252.02999877929688,0.002864992350872342,691.8134765625,0.0039842543077575066,629.6432495117188,0.009065284269015539,-0.0011192619568851647,16.350000381469727,0.012383948462139527,0.0,0.0,0.0,0.0,1
2026-01-27,COST,968.956298828125,-0.007558751740715963,691.8134765625,0.0039842543077575066,629.6432495117188,0.009065284269015539,-0.01154300604847347,16.350000381469727,0.012383948462139527,0.0,0.0,0.0,0.0,0
2026-01-27,GOOGL,334.31463623046875,0.0038707612918738032,691.8134765625,0.0039842543077575066,629.6432495117188,0.009065284269015539,-0.00011349301588370331,16.350000381469727,0.012383948462139527,0.0,0.0,0.0,0.0,1
2026-01-27,NVDA,188.50979614257812,0.010993681830616886,691.8134765625,0.0039842543077575066,629.6432495117188,0.009065284269015539,0.007009427522859379,16.350000381469727,0.012383948462139527,0.0,0.0,0.0,0.0,1
2026-01-27,TSLA,430.8999938964844,-0.009880556502607107,691.8134765625,0.0039842543077575066,629.6432495117188,0.009065284269015539,-0.013864810810364614,16.350000381469727,0.012383948462139527,0.0,0.0,0.0,0.0,1
2026-01-28,AMD,252.74000549316406,0.002817151598246692,691.7438354492188,-0.0001006645803248718,631.7283325195312,0.003311530790538031,0.002917816178571564,16.350000381469727,0.0,0.0,0.0,0.0,0.0,0
2026-01-28,COST,959.46923828125,-0.009791009727011302,691.7438354492188,-0.0001006645803248718,631.7283325195312,0.003311530790538031,-0.00969034514668643,16.350000381469727,0.0,0.0,0.0,0.0,0.0,0
2026-01-28,GOOGL,335.7736511230469,0.004364196880606519,691.7438354492188,-0.0001006645803248718,631.7283325195312,0.003311530790538031,0.004464861460931391,16.350000381469727,0.0,0.0,0.0,0.0,0.0,1
2026-01-28,NVDA,191.5096435546875,0.01591348287194827,691.7438354492188,-0.0001006645803248718,631.7283325195312,0.003311530790538031,0.016014147452273142,16.350000381469727,0.0,0.0,0.0,0.0,0.0,1
2026-01-28,TSLA,431.4599914550781,0.0012995998294869082,691.7438354492188,-0.0001006645803248718,631.7283325195312,0.003311530790538031,0.00140026440981178,16.350000381469727,0.0,0.0,0.0,0.0,0.0,0
2026-01-29,AMD,252.17999267578125,-0.0022157664208721783,690.3711547851562,-0.001984377154833794,627.947265625,-0.005985273573928751,-0.00023138926603838428,16.8799991607666,0.032415826723621866,0.0,0.0,0.0,0.0,0
2026-01-29,COST,951.5899658203125,-0.008212115768351347,690.3711547851562,-0.001984377154833794,627.947265625,-0.005985273573928751,-0.006227738613517553,16.8799991607666,0.032415826723621866,0.0,0.0,0.0,0.0,0
2026-01-29,GOOGL,338.0120544433594,0.006666405517007812,690.3711547851562,-0.001984377154833794,627.947265625,-0.005985273573928751,0.008650782671841606,16.8799991607666,0.032415826723621866,0.0,0.0,0.0,0.0,0
2026-01-29,NVDA,192.49957275390625,0.005169082772252587,690.3711547851562,-0.001984377154833794,627.947265625,-0.005985273573928751,0.007153459927086381,16.8799991607666,0.032415826723621866,0.0,0.0,0.0,0.0,0
2026-01-29,TSLA,416.55999755859375,-0.03453389466363932,690.3711547851562,-0.001984377154833794,627.947265625,-0.005985273573928751,-0.032549517508805526,16.8799991607666,0.032415826723621866,0.0,0.0,0.0,0.0,1
2026-01-30,AMD,236.72999572753906,-0.06126575222843189,688.3120727539062,-0.002982572514766746,620.4050903320312,-0.012010841842685638,-0.058283179713665145,17.440000534057617,0.03317543845574367,0.0,0.0,0.0,0.0,1
2026-01-30,COST,940.25,-0.011916861492477948,688.3120727539062,-0.002982572514766746,620.4050903320312,-0.012010841842685638,-0.008934288977711202,17.440000534057617,0.03317543845574367,0.0,0.0,0.0,0.0,1
2026-01-30,GOOGL,337.7622375488281,-0.0007390768797954639,688.3120727539062,-0.002982572514766746,620.4050903320312,-0.012010841842685638,0.002243495634971282,17.440000534057617,0.03317543845574367,0.0,0.0,0.0,0.0,1
2026-01-30,NVDA,191.11965942382812,-0.00716839684544246,688.3120727539062,-0.002982572514766746,620.4050903320312,-0.012010841842685638,-0.004185824330675714,17.440000534057617,0.03317543845574367,0.0,0.0,0.0,0.0,0
2026-01-30,TSLA,430.4100036621094,0.033248526466028494,688.3120727539062,-0.002982572514766746,620.4050903320312,-0.012010841842685638,0.03623109898079524,17.440000534057617,0.03317543845574367,0.0,0.0,0.0,0.0,0
2026-02-02,AMD,246.27000427246094,0.040299111718405944,691.7339477539062,0.004971400525214165,624.6650390625,0.006866398739876489,0.03532771119319178,16.34000015258789,-0.06307341443720693,0.0,0.0,0.0,0.0,0
2026-02-02,COST,968.3599853515625,0.029896288595121057,691.7339477539062,0.004971400525214165,624.6650390625,0.006866398739876489,0.024924888069906892,16.34000015258789,-0.06307341443720693,0.0,0.0,0.0,0.0,1
2026-02-02,GOOGL,343.4482421875,0.01683434086633162,691.7339477539062,0.004971400525214165,624.6650390625,0.006866398739876489,0.011862940341117456,16.34000015258789,-0.06307341443720693,0.0,0.0,0.0,0.0,0
2026-02-02,NVDA,185.59996032714844,-0.028880854608678286,691.7339477539062,0.004971400525214165,624.6650390625,0.006866398739876489,-0.03385225513389245,16.34000015258789,-0.06307341443720693,0.0,0.0,0.0,0.0,0
2026-02-02,TSLA,421.80999755859375,-0.019980962408733927,691.7339477539062,0.004971400525214165,624.6650390625,0.006866398739876489,-0.02495236293394809,16.34000015258789,-0.06307341443720693,0.0,0.0,0.0,0.0,1
2026-02-03,AMD,242.11000061035156,-0.016892043651028477,685.885009765625,-0.008455473390127866,615.0676879882812,-0.015363995860281365,-0.008436570260900611,18.0,0.10159117698350828,0.0,0.0,0.0,0.0,0
2026-02-03,COST,977.9199829101562,0.009872359146607002,685.885009765625,-0.008455473390127866,615.0676879882812,-0.015363995860281365,0.018327832536734867,18.0,0.10159117698350828,0.0,0.0,0.0,0.0,1
2026-02-03,GOOGL,339.47100830078125,-0.011580300604792315,685.885009765625,-0.008455473390127866,615.0676879882812,-0.015363995860281365,-0.0031248272146644496,18.0,0.10159117698350828,0.0,0.0,0.0,0.0,0
2026-02-03,NVDA,180.33023071289062,-0.028392945801114955,685.885009765625,-0.008455473390127866,615.0676879882812,-0.015363995860281365,-0.01993747241098709,18.0,0.10159117698350828,0.0,0.0,0.0,0.0,0
2026-02-03,TSLA,421.9599914550781,0.0003555958781265023,685.885009765625,-0.008455473390127866,615.0676879882812,-0.015363995860281365,0.008811069268254368,18.0,0.10159117698350828,0.0,0.0,0.0,0.0,0
2026-02-04,AMD,200.19000244140625,-0.17314443047898198,682.5626831054688,-0.004843853725993386,604.3230590820312,-0.017469018639871603,-0.1683005767529886,18.639999389648438,0.03555552164713549,0.0,0.0,0.0,0.0,0
2026-02-04,COST,978.3499755859375,0.00043970128772863326,682.5626831054688,-0.004843853725993386,604.3230590820312,-0.017469018639871603,0.005283555013722019,18.639999389648438,0.03555552164713549,0.0,0.0,0.0,0.0,1
2026-02-04,GOOGL,332.80572509765625,-0.01963432234313034,682.5626831054688,-0.004843853725993386,604.3230590820312,-0.017469018639871603,-0.014790468617136954,18.639999389648438,0.03555552164713549,0.0,0.0,0.0,0.0,0
2026-02-04,NVDA,174.18057250976562,-0.03410220337884484,682.5626831054688,-0.004843853725993386,604.3230590820312,-0.017469018639871603,-0.029258349652851456,18.639999389648438,0.03555552164713549,0.0,0.0,0.0,0.0,0
2026-02-04,TSLA,406.010009765625,-0.03779974882085746,682.5626831054688,-0.004843853725993386,604.3230590820312,-0.017469018639871603,-0.032955895094864074,18.639999389648438,0.03555552164713549,0.0,0.0,0.0,0.0,0
2026-02-05,AMD,192.5,-0.038413518895165866,674.0379638671875,-0.012489284060324235,595.6236572265625,-0.014395283656200686,-0.02592423483484163,21.770000457763672,0.1679185177362963,0.0,0.0,0.0,0.0,1
2026-02-05,COST,989.2899780273438,0.011182095072731268,674.0379638671875,-0.012489284060324235,595.6236572265625,-0.014395283656200686,0.023671379133055503,21.770000457763672,0.1679185177362963,0.0,0.0,0.0,0.0,1
2026-02-05,GOOGL,331.0169677734375,-0.005374779306136834,674.0379638671875,-0.012489284060324235,595.6236572265625,-0.014395283656200686,0.007114504754187401,21.770000457763672,0.1679185177362963,0.0,0.0,0.0,0.0,0
2026-02-05,NVDA,171.87069702148438,-0.01326138417734124,674.0379638671875,-0.012489284060324235,595.6236572265625,-0.014395283656200686,-0.000772100117017005,21.770000457763672,0.1679185177362963,0.0,0.0,0.0,0.0,1
2026-02-05,TSLA,397.2099914550781,-0.02167438757390938,674.0379638671875,-0.012489284060324235,595.6236572265625,-0.014395283656200686,-0.009185103513585147,21.770000457763672,0.1679185177362963,0.0,0.0,0.0,0.0,1
2026-02-06,AMD,208.44000244140625,0.08280520748782472,686.96923828125,0.01918478647681998,608.2138671875,0.021137860808890796,0.06362042101100474,20.3700008392334,-0.06430866279706493,0.0,0.0,0.0,0.0,1
2026-02-06,COST,1001.1599731445312,0.011998499308419674,686.96923828125,0.01918478647681998,608.2138671875,0.021137860808890796,-0.007186287168400307,20.3700008392334,-0.06430866279706493,0.0,0.0,0.0,0.0,0
2026-02-06,GOOGL,322.63287353515625,-0.02532829146093707,686.96923828125,0.01918478647681998,608.2138671875,0.021137860808890796,-0.04451307793775705,20.3700008392334,-0.06430866279706493,0.0,0.0,0.0,0.0,1
2026-02-06,NVDA,185.39996337890625,0.07871770227202068,686.96923828125,0.01918478647681998,608.2138671875,0.021137860808890796,0.0595329157952007,20.3700008392334,-0.06430866279706493,0.0,0.0,0.0,0.0,1
2026-02-06,TSLA,411.1099853515625,0.03499406912088299,686.96923828125,0.01918478647681998,608.2138671875,0.021137860808890796,0.015809282644063005,20.3700008392334,-0.06430866279706493,0.0,0.0,0.0,0.0,1
2026-02-09,AMD,216.0,0.03626941791424576,690.2816772460938,0.004821815563577747,612.8728637695312,0.0076601288352324826,0.031447602350668014,17.360000610351562,-0.1477663281723809,0.0,0.0,0.0,0.0,0
2026-02-09,COST,997.5900268554688,-0.003565810045171647,690.2816772460938,0.004821815563577747,612.8728637695312,0.0076601288352324826,-0.008387625608749394,17.360000610351562,-0.1477663281723809,0.0,0.0,0.0,0.0,0
2026-02-09,GOOGL,324.09185791015625,0.004522119395378388,690.2816772460938,0.004821815563577747,612.8728637695312,0.0076601288352324826,-0.0002996961681993593,17.360000610351562,-0.1477663281723809,0.0,0.0,0.0,0.0,0
2026-02-09,NVDA,190.0297088623047,0.024971663419029566,690.2816772460938,0.004821815563577747,612.8728637695312,0.0076601288352324826,0.02014984785545182,17.360000610351562,-0.1477663281723809,0.0,0.0,0.0,0.0,0
2026-02-09,TSLA,417.32000732421875,0.015105500216312517,690.2816772460938,0.004821815563577747,612.8728637695312,0.0076601288352324826,0.01028368465273477,17.360000610351562,-0.1477663281723809,0.0,0.0,0.0,0.0,1
2026-02-10,AMD,213.57000732421875,-0.01124996609157991,688.4613037109375,-0.0026371459581814305,610.029541015625,-0.004639335369521991,-0.00861282013339848,17.790000915527344,0.02476960196184419,0.0,0.0,0.0,0.0,1
2026-02-10,COST,971.22998046875,-0.02642372685882699,688.4613037109375,-0.0026371459581814305,610.029541015625,-0.004639335369521991,-0.02378658090064556,17.790000915527344,0.02476960196184419,0.0,0.0,0.0,0.0,1
2026-02-10,GOOGL,318.3558654785156,-0.017698662560139744,688.4613037109375,-0.0026371459581814305,610.029541015625,-0.004639335369521991,-0.015061516601958314,17.790000915527344,0.02476960196184419,0.0,0.0,0.0,0.0,0
2026-02-10,NVDA,188.52978515625,-0.007893101110529654,688.4613037109375,-0.0026371459581814305,610.029541015625,-0.004639335369521991,-0.005255955152348224,17.790000915527344,0.02476960196184419,0.0,0.0,0.0,0.0,1
2026-02-10,TSLA,425.2099914550781,0.018906316477488305,688.4613037109375,-0.0026371459581814305,610.029541015625,-0.004639335369521991,0.021543462435669736,17.790000915527344,0.02476960196184419,0.0,0.0,0.0,0.0,1
2026-02-11,AMD,213.5800018310547,4.6797333395076635e-05,688.3021850585938,-0.00023112214366449724,611.6657104492188,0.002682115083918246,0.00027791947705957387,17.649999618530273,-0.007869662158076385,0.0,0.0,0.0,0.0,0
2026-02-11,COST,978.1400146484375,0.007114724955620266,688.3021850585938,-0.00023112214366449724,611.6657104492188,0.002682115083918246,0.0073458470992847635,17.649999618530273,-0.007869662158076385,0.0,0.0,0.0,0.0,1
2026-02-11,GOOGL,310.7412414550781,-0.023918591893986596,688.3021850585938,-0.00023112214366449724,611.6657104492188,0.002682115083918246,-0.0236874697503221,17.649999618530273,-0.007869662158076385,0.0,0.0,0.0,0.0,0
2026-02-11,NVDA,190.0397186279297,0.008008991631896611,688.3021850585938,-0.00023112214366449724,611.6657104492188,0.002682115083918246,0.008240113775561109,17.649999618530273,-0.007869662158076385,0.0,0.0,0.0,0.0,0
2026-02-11,TSLA,428.2699890136719,0.00719643851293883,688.3021850585938,-0.00023112214366449724,611.6657104492188,0.002682115083918246,0.007427560656603327,17.649999618530273,-0.007869662158076385,0.0,0.0,0.0,0.0,0
2026-02-12,AMD,205.94000244140625,-0.03577113645542429,677.668701171875,-0.01544885969788623,599.22509765625,-0.02033890829654672,-0.02032227675753806,20.81999969482422,0.17960340763780214,0.0,0.0,0.0,0.0,1
2026-02-12,COST,998.8599853515625,0.021183031460554336,677.668701171875,-0.01544885969788623,599.22509765625,-0.02033890829654672,0.036631891158440566,20.81999969482422,0.17960340763780214,0.0,0.0,0.0,0.0,1
2026-02-12,GOOGL,308.7826232910156,-0.006303051873291943,677.668701171875,-0.01544885969788623,599.22509765625,-0.02033890829654672,0.009145807824594288,20.81999969482422,0.17960340763780214,0.0,0.0,0.0,0.0,0
2026-02-12,NVDA,186.9298858642578,-0.016364120017250072,677.668701171875,-0.01544885969788623,599.22509765625,-0.02033890829654672,-0.000915260319363842,20.81999969482422,0.17960340763780214,0.0,0.0,0.0,0.0,0
2026-02-12,TSLA,417.07000732421875,-0.02615168463063977,677.668701171875,-0.01544885969788623,599.22509765625,-0.02033890829654672,-0.01070282493275354,20.81999969482422,0.17960340763780214,0.0,0.0,0.0,0.0,1
2026-02-13,AMD,207.32000732421875,0.006701004498653074,678.1461181640625,0.0007044991031190939,600.5020751953125,0.002131048155454618,0.00599650539553398,20.600000381469727,-0.010566729902939609,0.0,0.0,0.0,0.0,0
2026-02-13,COST,1018.47998046875,0.019642387726926502,678.1461181640625,0.0007044991031190939,600.5020751953125,0.002131048155454618,0.01893788862380741,20.600000381469727,-0.010566729902939609,0.0,0.0,0.0,0.0,0
2026-02-13,GOOGL,305.50494384765625,-0.010614844217675667,678.1461181640625,0.0007044991031190939,600.5020751953125,0.002131048155454618,-0.011319343320794761,20.600000381469727,-0.010566729902939609,0.0,0.0,0.0,0.0,0
2026-02-13,NVDA,182.80010986328125,-0.02209264710071812,678.1461181640625,0.0007044991031190939,600.5020751953125,0.002131048155454618,-0.022797146203837215,20.600000381469727,-0.010566729902939609,0.0,0.0,0.0,0.0,1
2026-02-13,TSLA,417.44000244140625,0.0008871295242764976,678.1461181640625,0.0007044991031190939,600.5020751953125,0.002131048155454618,0.0001826304211574037,20.600000381469727,-0.010566729902939609,0.0,0.0,0.0,0.0,0
2026-02-17,AMD,203.0800018310547,-0.020451501752714596,679.2402954101562,0.0016134830190519533,599.8834838867188,-0.001030123515214476,-0.02206498477176655,20.290000915527344,-0.015048517485525714,0.0,0.0,0.0,0.0,0
2026-02-17,COST,1012.0499877929688,-0.006313322597486737,679.2402954101562,0.0016134830190519533,599.8834838867188,-0.001030123515214476,-0.00792680561653869,20.290000915527344,-0.015048517485525714,0.0,0.0,0.0,0.0,0
2026-02-17,GOOGL,301.8075256347656,-0.012102646085931701,679.2402954101562,0.0016134830190519533,599.8834838867188,-0.001030123515214476,-0.013716129104983654,20.290000915527344,-0.015048517485525714,0.0,0.0,0.0,0.0,1
2026-02-17,NVDA,184.95999145507812,0.011815537711723945,679.2402954101562,0.0016134830190519533,599.8834838867188,-0.001030123515214476,0.010202054692671991,20.290000915527344,-0.015048517485525714,0.0,0.0,0.0,0.0,1
2026-02-17,TSLA,410.6300048828125,-0.016313715788533356,679.2402954101562,0.0016134830190519533,599.8834838867188,-0.001030123515214476,-0.01792719880758531,20.290000915527344,-0.015048517485525714,0.0,0.0,0.0,0.0,1
2026-02-18,AMD,200.1199951171875,-0.014575569663081156,682.662109375,0.005037707550576753,604.3629150390625,0.00746716866302255,-0.01961327721365791,19.6200008392334,-0.03302119497595557,0.0,0.0,0.0,0.0,1
2026-02-18,COST,996.0800170898438,-0.015779824016352806,682.662109375,0.005037707550576753,604.3629150390625,0.00746716866302255,-0.02081753156692956,19.6200008392334,-0.03302119497595557,0.0,0.0,0.0,0.0,0
2026-02-18,GOOGL,303.1166076660156,0.004337473124623736,682.662109375,0.005037707550576753,604.3629150390625,0.00746716866302255,-0.0007002344259530169,19.6200008392334,-0.03302119497595557,0.0,0.0,0.0,0.0,0
2026-02-18,NVDA,187.96981811523438,0.016272852504360502,682.662109375,0.005037707550576753,604.3629150390625,0.00746716866302255,0.011235144953783749,19.6200008392334,-0.03302119497595557,0.0,0.0,0.0,0.0,0
2026-02-18,TSLA,411.32000732421875,0.0016803507615161806,682.662109375,0.005037707550576753,604.3629150390625,0.00746716866302255,-0.0033573567890605727,19.6200008392334,-0.03302119497595557,0.0,0.0,0.0,0.0,1
2026-02-19,AMD,203.3699951171875,0.016240256242745055,680.8616333007812,-0.002637433731113581,602.0484008789062,-0.003829676015125183,0.018877689973858636,20.229999542236328,0.031090656315525544,0.0,0.0,0.0,0.0,0
2026-02-19,COST,987.8200073242188,-0.00829251628775518,680.8616333007812,-0.002637433731113581,602.0484008789062,-0.003829676015125183,-0.0056550825566416,20.229999542236328,0.031090656315525544,0.0,0.0,0.0,0.0,0
2026-02-19,GOOGL,302.636962890625,-0.0015823770894107803,680.8616333007812,-0.002637433731113581,602.0484008789062,-0.003829676015125183,0.0010550566417028007,20.229999542236328,0.031090656315525544,0.0,0.0,0.0,0.0,1
2026-02-19,NVDA,187.88983154296875,-0.00042552880599477927,680.8616333007812,-0.002637433731113581,602.0484008789062,-0.003829676015125183,0.0022119049251188017,20.229999542236328,0.031090656315525544,0.0,0.0,0.0,0.0,1
2026-02-19,TSLA,411.7099914550781,0.0009481282794785439,680.8616333007812,-0.002637433731113581,602.0484008789062,-0.003829676015125183,0.003585562010592125,20.229999542236328,0.031090656315525544,0.0,0.0,0.0,0.0,1
2026-02-20,AMD,200.14999389648438,-0.015833216787204396,685.7855834960938,0.007231939581382241,607.3758544921875,0.008848879268683163,-0.023065156368586637,19.09000015258789,-0.056351923650237334,0.0,0.0,0.0,0.0,0
2026-02-20,COST,985.27001953125,-0.0025814295864244885,685.7855834960938,0.007231939581382241,607.3758544921875,0.008848879268683163,-0.00981336916780673,19.09000015258789,-0.056351923650237334,0.0,0.0,0.0,0.0,1
2026-02-20,GOOGL,314.7584228515625,0.040052807314611805,685.7855834960938,0.007231939581382241,607.3758544921875,0.008848879268683163,0.032820867733229564,19.09000015258789,-0.056351923650237334,0.0,0.0,0.0,0.0,0
2026-02-20,NVDA,189.8097381591797,0.010218257158700395,685.7855834960938,0.007231939581382241,607.3758544921875,0.008848879268683163,0.002986317577318154,19.09000015258789,-0.056351923650237334,0.0,0.0,0.0,0.0,1
2026-02-20,TSLA,411.82000732421875,0.00026721690370390405,685.7855834960938,0.007231939581382241,607.3758544921875,0.008848879268683163,-0.006964722677678337,19.09000015258789,-0.056351923650237334,0.0,0.0,0.0,0.0,0
2026-02-23,AMD,196.60000610351562,-0.01773663702835171,678.7827758789062,-0.010211366038766267,599.9932250976562,-0.012154960293414563,-0.007525270989585442,21.010000228881836,0.10057622110776498,0.0,0.0,0.0,0.0,1
2026-02-23,COST,986.02001953125,0.0007612126474292324,678.7827758789062,-0.010211366038766267,599.9932250976562,-0.012154960293414563,0.0109725786861955,21.010000228881836,0.10057622110776498,0.0,0.0,0.0,0.0,1
2026-02-23,GOOGL,311.2708740234375,-0.011080081023819632,678.7827758789062,-0.010211366038766267,599.9932250976562,-0.012154960293414563,-0.0008687149850533649,21.010000228881836,0.10057622110776498,0.0,0.0,0.0,0.0,0
2026-02-23,NVDA,191.53964233398438,0.009113885259954158,678.7827758789062,-0.010211366038766267,599.9932250976562,-0.012154960293414563,0.019325251298720425,21.010000228881836,0.10057622110776498,0.0,0.0,0.0,0.0,1
2026-02-23,TSLA,399.8299865722656,-0.02911471161845125,678.7827758789062,-0.010211366038766267,599.9932250976562,-0.012154960293414563,-0.018903345579684983,21.010000228881836,0.10057622110776498,0.0,0.0,0.0,0.0,1
2026-02-24,AMD,213.83999633789062,0.08769069022967191,683.7164916992188,0.00726847527019836,606.4380493164062,0.010741494985549327,0.08042221495947355,19.549999237060547,-0.06949076515545527,0.0,0.0,0.0,0.0,0
2026-02-24,COST,998.4299926757812,0.012585924117880287,683.7164916992188,0.00726847527019836,606.4380493164062,0.010741494985549327,0.005317448847681927,19.549999237060547,-0.06949076515545527,0.0,0.0,0.0,0.0,0
2026-02-24,GOOGL,310.6813049316406,-0.0018940708591722588,683.7164916992188,0.00726847527019836,606.4380493164062,0.010741494985549327,-0.009162546129370619,19.549999237060547,-0.06949076515545527,0.0,0.0,0.0,0.0,1
2026-02-24,NVDA,192.83956909179688,0.006786724366676156,683.7164916992188,0.00726847527019836,606.4380493164062,0.010741494985549327,-0.0004817509035222045,19.549999237060547,-0.06949076515545527,0.0,0.0,0.0,0.0,1
2026-02-24,TSLA,409.3800048828125,0.023885197787236967,683.7164916992188,0.00726847527019836,606.4380493164062,0.010741494985549327,0.016616722517038607,19.549999237060547,-0.06949076515545527,0.0,0.0,0.0,0.0,1
2026-02-25,AMD,210.86000061035156,-0.013935633083487109,689.4859008789062,0.008438306300538434,615.227294921875,0.014493229135896346,-0.022373939384025543,17.93000030517578,-0.082864398726613,0.0,0.0,0.0,0.0,0
2026-02-25,COST,994.760009765625,-0.0036757538706552184,689.4859008789062,0.008438306300538434,615.227294921875,0.014493229135896346,-0.012114060171193652,17.93000030517578,-0.082864398726613,0.0,0.0,0.0,0.0,0
2026-02-25,GOOGL,312.67987060546875,0.00643284820201151,689.4859008789062,0.008438306300538434,615.227294921875,0.014493229135896346,-0.0020054580985269244,17.93000030517578,-0.082864398726613,0.0,0.0,0.0,0.0,0
2026-02-25,NVDA,195.54940795898438,0.014052296839024425,689.4859008789062,0.008438306300538434,615.227294921875,0.014493229135896346,0.005613990538485991,17.93000030517578,-0.082864398726613,0.0,0.0,0.0,0.0,0
2026-02-25,TSLA,417.3999938964844,0.019590573349979934,689.4859008789062,0.008438306300538434,615.227294921875,0.014493229135896346,0.0111522670494415,17.93000030517578,-0.082864398726613,0.0,0.0,0.0,0.0,0
2026-02-26,AMD,203.67999267578125,-0.03405106664984914,685.6561889648438,-0.005554445579207146,607.8048095703125,-0.012064622965899163,-0.028496621070641992,18.6299991607666,0.03904064939635021,0.0,0.0,0.0,0.0,0
2026-02-26,COST,986.739990234375,-0.00806226572491553,685.6561889648438,-0.005554445579207146,607.8048095703125,-0.012064622965899163,-0.0025078201457083837,18.6299991607666,0.03904064939635021,0.0,0.0,0.0,0.0,1
2026-02-26,GOOGL,307.1637878417969,-0.017641310753361283,685.6561889648438,-0.005554445579207146,607.8048095703125,-0.012064622965899163,-0.012086865174154138,18.6299991607666,0.03904064939635021,0.0,0.0,0.0,0.0,1
2026-02-26,NVDA,184.87998962402344,-0.0545612407949545,685.6561889648438,-0.005554445579207146,607.8048095703125,-0.012064622965899163,-0.049006795215747356,18.6299991607666,0.03904064939635021,0.0,0.0,0.0,0.0,0
2026-02-26,TSLA,408.5799865722656,-0.021130827631028026,685.6561889648438,-0.005554445579207146,607.8048095703125,-0.012064622965899163,-0.01557638205182088,18.6299991607666,0.03904064939635021,0.0,0.0,0.0,0.0,0
2026-02-27,AMD,200.2100067138672,-0.01703645957724287,682.3637084960938,-0.004801940858611298,605.859375,-0.0032007554722836007,-0.01223451871863157,19.860000610351562,0.06602262506673928,0.0,0.0,0.0,0.0,0
2026-02-27,COST,1010.7899780273438,0.024373176349380854,682.3637084960938,-0.004801940858611298,605.859375,-0.0032007554722836007,0.02917511720799215,19.860000610351562,0.06602262506673928,0.0,0.0,0.0,0.0,0
2026-02-27,GOOGL,311.54071044921875,0.014249474647304972,682.3637084960938,-0.004801940858611298,605.859375,-0.0032007554722836007,0.01905141550591627,19.860000610351562,0.06602262506673928,0.0,0.0,0.0,0.0,0
2026-02-27,NVDA,177.180419921875,-0.041646311846979644,682.3637084960938,-0.004801940858611298,605.859375,-0.0032007554722836007,-0.03684437098836835,19.860000610351562,0.06602262506673928,0.0,0.0,0.0,0.0,1
2026-02-27,TSLA,402.510009765625,-0.014856275407819197,682.3637084960938,-0.004801940858611298,605.859375,-0.0032007554722836007,-0.0100543345492079,19.860000610351562,0.06602262506673928,0.0,0.0,0.0,0.0,1
2026-03-02,AMD,198.6199951171875,-0.007941718911942619,682.751708984375,0.0005686124327104469,606.6575317382812,0.0013173960348162872,-0.008510331344653066,21.440000534057617,0.07955689200142912,0.0,0.0,0.0,0.0,0
2026-03-02,COST,1002.77001953125,-0.007934347065594705,682.751708984375,0.0005686124327104469,606.6575317382812,0.0013173960348162872,-0.008502959498305152,21.440000534057617,0.07955689200142912,0.0,0.0,0.0,0.0,1
2026-03-02,GOOGL,306.3043518066406,-0.016807943446709328,682.751708984375,0.0005686124327104469,606.6575317382812,0.0013173960348162872,-0.017376555879419775,21.440000534057617,0.07955689200142912,0.0,0.0,0.0,0.0,0
2026-03-02,NVDA,182.47012329101562,0.029854898026954846,682.751708984375,0.0005686124327104469,606.6575317382812,0.0013173960348162872,0.0292862855942444,21.440000534057617,0.07955689200142912,0.0,0.0,0.0,0.0,0
2026-03-02,TSLA,403.32000732421875,0.0020123662491409178,682.751708984375,0.0005686124327104469,606.6575317382812,0.0013173960348162872,0.0014437538164304708,21.440000534057617,0.07955689200142912,0.0,0.0,0.0,0.0,0
2026-03-03,AMD,190.9499969482422,-0.03861644525980357,676.7337036132812,-0.008814339520359149,600.1629028320312,-0.010705593463318008,-0.029802105739444418,23.56999969482422,0.09934697330735043,0.0,0.0,0.0,0.0,1
2026-03-03,COST,1007.77001953125,0.004986188161406391,676.7337036132812,-0.008814339520359149,600.1629028320312,-0.010705593463318008,0.01380052768176554,23.56999969482422,0.09934697330735043,0.0,0.0,0.0,0.0,0
2026-03-03,GOOGL,303.3664245605469,-0.009591529564517476,676.7337036132812,-0.008814339520359149,600.1629028320312,-0.010705593463318008,-0.0007771900441583268,23.56999969482422,0.09934697330735043,0.0,0.0,0.0,0.0,0
2026-03-03,NVDA,180.04025268554688,-0.013316539505995872,676.7337036132812,-0.008814339520359149,600.1629028320312,-0.010705593463318008,-0.004502199985636723,23.56999969482422,0.09934697330735043,0.0,0.0,0.0,0.0,1
2026-03-03,TSLA,392.42999267578125,-0.027000928420799375,676.7337036132812,-0.008814339520359149,600.1629028320312,-0.010705593463318008,-0.018186588900440226,23.56999969482422,0.09934697330735043,0.0,0.0,0.0,0.0,1
2026-03-04,AMD,202.07000732421875,0.05823519535845123,681.5082397460938,0.00705526576749449,609.311279296875,0.015243155519400808,0.05117992959095674,21.149999618530273,-0.10267289383229639,0.0,0.0,0.0,0.0,0
2026-03-04,COST,1006.739990234375,-0.0010220876558265646,681.5082397460938,0.00705526576749449,609.311279296875,0.015243155519400808,-0.008077353423321054,21.149999618530273,-0.10267289383229639,0.0,0.0,0.0,0.0,0
2026-03-04,GOOGL,302.9167785644531,-0.0014821877429089803,681.5082397460938,0.00705526576749449,609.311279296875,0.015243155519400808,-0.00853745351040347,21.149999618530273,-0.10267289383229639,0.0,0.0,0.0,0.0,0
2026-03-04,NVDA,183.03009033203125,0.016606495502460517,681.5082397460938,0.00705526576749449,609.311279296875,0.015243155519400808,0.009551229734966027,21.149999618530273,-0.10267289383229639,0.0,0.0,0.0,0.0,1
2026-03-04,TSLA,405.94000244140625,0.03442654745501761,681.5082397460938,0.00705526576749449,609.311279296875,0.015243155519400808,0.02737128168752312,21.149999618530273,-0.10267289383229639,0.0,0.0,0.0,0.0,0
2026-03-05,AMD,199.4499969482422,-0.012965854807798327,677.70849609375,-0.005575491873376914,607.4755249023438,-0.003012835076103726,-0.007390362934421413,23.75,0.12293146233401209,0.0,0.0,0.0,0.0,0
2026-03-05,COST,982.5700073242188,-0.024008168091673165,677.70849609375,-0.005575491873376914,607.4755249023438,-0.003012835076103726,-0.01843267621829625,23.75,0.12293146233401209,0.0,0.0,0.0,0.0,1
2026-03-05,GOOGL,300.6683349609375,-0.007422644642436693,677.70849609375,-0.005575491873376914,607.4755249023438,-0.003012835076103726,-0.0018471527690597789,23.75,0.12293146233401209,0.0,0.0,0.0,0.0,0
2026-03-05,NVDA,183.330078125,0.0016390080583172928,677.70849609375,-0.005575491873376914,607.4755249023438,-0.003012835076103726,0.007214499931694207,23.75,0.12293146233401209,0.0,0.0,0.0,0.0,0
2026-03-05,TSLA,405.54998779296875,-0.0009607691927178141,677.70849609375,-0.005575491873376914,607.4755249023438,-0.003012835076103726,0.0046147226806591,23.75,0.12293146233401209,0.0,0.0,0.0,0.0,0
2026-03-06,AMD,192.42999267578125,-0.03519681313548806,668.82568359375,-0.01310712873041986,598.337158203125,-0.015043184992000858,-0.0220896844050682,29.489999771118164,0.24168420088918596,0.0,0.0,0.0,0.0,1
2026-03-06,COST,998.0999755859375,0.015805457266104384,668.82568359375,-0.01310712873041986,598.337158203125,-0.015043184992000858,0.028912585996524243,29.489999771118164,0.24168420088918596,0.0,0.0,0.0,0.0,1
2026-03-06,GOOGL,298.30999755859375,-0.007843650721151452,668.82568359375,-0.01310712873041986,598.337158203125,-0.015043184992000858,0.0052634780092684075,29.489999771118164,0.24168420088918596,0.0,0.0,0.0,0.0,1
2026-03-06,NVDA,177.8103790283203,-0.03010798420604055,668.82568359375,-0.01310712873041986,598.337158203125,-0.015043184992000858,-0.01700085547562069,29.489999771118164,0.24168420088918596,0.0,0.0,0.0,0.0,1
2026-03-06,TSLA,396.7300109863281,-0.021748186591348584,668.82568359375,-0.01310712873041986,598.337158203125,-0.015043184992000858,-0.008641057860928725,29.489999771118164,0.24168420088918596,0.0,0.0,0.0,0.0,1
2026-03-09,AMD,202.67999267578125,0.05326612477333437,674.6845703125,0.00875996072290297,606.3283081054688,0.01335559691185173,0.044506164050431396,25.5,-0.1353000950181722,0.0,0.0,0.0,0.0,1
2026-03-09,COST,1005.2999877929688,0.007213718448199069,674.6845703125,0.00875996072290297,606.3283081054688,0.01335559691185173,-0.0015462422747039017,25.5,-0.1353000950181722,0.0,0.0,0.0,0.0,0
2026-03-09,GOOGL,306.3599853515625,0.026985310109787886,674.6845703125,0.00875996072290297,606.3283081054688,0.01335559691185173,0.018225349386884915,25.5,-0.1353000950181722,0.0,0.0,0.0,0.0,1
2026-03-09,NVDA,182.64010620117188,0.02716223428151121,674.6845703125,0.00875996072290297,606.3283081054688,0.01335559691185173,0.01840227355860824,25.5,-0.1353000950181722,0.0,0.0,0.0,0.0,1
2026-03-09,TSLA,398.67999267578125,0.004915135319874642,674.6845703125,0.00875996072290297,606.3283081054688,0.01335559691185173,-0.003844825403028329,25.5,-0.1353000950181722,0.0,0.0,0.0,0.0,1
2026-03-10,AMD,203.22999572753906,0.002713652415794243,673.6002807617188,-0.0016071058958396778,606.3383178710938,1.6508821196747903e-05,0.004320758311633921,24.93000030517578,-0.022352929208792838,0.0,0.0,0.0,0.0,1
2026-03-10,COST,997.3599853515625,-0.0078981423831882,673.6002807617188,-0.0016071058958396778,606.3383178710938,1.6508821196747903e-05,-0.0062910364873485225,24.93000030517578,-0.022352929208792838,0.0,0.0,0.0,0.0,0
2026-03-10,GOOGL,307.0400085449219,0.002219686727622072,673.6002807617188,-0.0016071058958396778,606.3383178710938,1.6508821196747903e-05,0.00382679262346175,24.93000030517578,-0.022352929208792838,0.0,0.0,0.0,0.0,1
2026-03-10,NVDA,184.760009765625,0.011606999188437328,673.6002807617188,-0.0016071058958396778,606.3383178710938,1.6508821196747903e-05,0.013214105084277006,24.93000030517578,-0.022352929208792838,0.0,0.0,0.0,0.0,1
2026-03-10,TSLA,399.239990234375,0.0014046291985592152,673.6002807617188,-0.0016071058958396778,606.3383178710938,1.6508821196747903e-05,0.003011735094398893,24.93000030517578,-0.022352929208792838,0.0,0.0,0.0,0.0,1
2026-03-11,AMD,204.8300018310547,0.00787288361537275,672.7548217773438,-0.0012551345486657706,606.2584838867188,-0.00013166574175171863,0.00912801816403852,24.229999542236328,-0.028078650395929716,0.0,0.0,0.0,0.0,0
2026-03-11,COST,992.22998046875,-0.005143584019970726,672.7548217773438,-0.0012551345486657706,606.2584838867188,-0.00013166574175171863,-0.0038884494713049556,24.229999542236328,-0.028078650395929716,0.0,0.0,0.0,0.0,1
2026-03-11,GOOGL,308.70001220703125,0.0054064734754804,672.7548217773438,-0.0012551345486657706,606.2584838867188,-0.00013166574175171863,0.006661608024146171,24.229999542236328,-0.028078650395929716,0.0,0.0,0.0,0.0,0
2026-03-11,NVDA,186.02999877929688,0.006873722377926494,672.7548217773438,-0.0012551345486657706,606.2584838867188,-0.00013166574175171863,0.008128856926592265,24.229999542236328,-0.028078650395929716,0.0,0.0,0.0,0.0,0
2026-03-11,TSLA,407.82000732421875,0.02149087591352461,672.7548217773438,-0.0012551345486657706,606.2584838867188,-0.00013166574175171863,0.02274601046219038,24.229999542236328,-0.028078650395929716,0.0,0.0,0.0,0.0,0
2026-03-12,AMD,197.74000549316406,-0.03461405201635703,662.5390625,-0.015184966271003186,595.8530883789062,-0.01716329879806977,-0.019429085745353847,27.290000915527344,0.12628978254650813,0.0,0.0,0.0,0.0,0
2026-03-12,COST,1003.3200073242188,0.011176871364267482,662.5390625,-0.015184966271003186,595.8530883789062,-0.01716329879806977,0.02636183763527067,27.290000915527344,0.12628978254650813,0.0,0.0,0.0,0.0,1
2026-03-12,GOOGL,303.54998779296875,-0.016682942048633964,662.5390625,-0.015184966271003186,595.8530883789062,-0.01716329879806977,-0.0014979757776307778,27.290000915527344,0.12628978254650813,0.0,0.0,0.0,0.0,0
2026-03-12,NVDA,183.13999938964844,-0.015535125563684415,662.5390625,-0.015184966271003186,595.8530883789062,-0.01716329879806977,-0.00035015929268122914,27.290000915527344,0.12628978254650813,0.0,0.0,0.0,0.0,0
2026-03-12,TSLA,395.010009765625,-0.03141091003024221,662.5390625,-0.015184966271003186,595.8530883789062,-0.01716329879806977,-0.016225943759239025,27.290000915527344,0.12628978254650813,0.0,0.0,0.0,0.0,0
2026-03-13,AMD,193.38999938964844,-0.021998614254443383,658.7890014648438,-0.00566013575260893,592.3213500976562,-0.005927196401479651,-0.016338478501834452,27.190000534057617,-0.0036643597696923713,0.0,0.0,0.0,0.0,1
2026-03-13,COST,1008.4299926757812,0.005093076300940469,658.7890014648438,-0.00566013575260893,592.3213500976562,-0.005927196401479651,0.010753212053549399,27.190000534057617,-0.0036643597696923713,0.0,0.0,0.0,0.0,0
2026-03-13,GOOGL,302.2799987792969,-0.004183788716005665,658.7890014648438,-0.00566013575260893,592.3213500976562,-0.005927196401479651,0.001476347036603265,27.190000534057617,-0.0036643597696923713,3.0,1.0,2.0,0.32,1
2026-03-13,NVDA,180.25,-0.015780274103308733,658.7890014648438,-0.00566013575260893,592.3213500976562,-0.005927196401479651,-0.010120138350699803,27.190000534057617,-0.0036643597696923713,5.0,2.0,3.0,0.33125000000000004,1
2026-03-13,TSLA,391.20001220703125,-0.009645319015724074,658.7890014648438,-0.00566013575260893,592.3213500976562,-0.005927196401479651,-0.003985183263115144,27.190000534057617,-0.0036643597696923713,1.0,0.0,1.0,0.55,1
2026-03-16,AMD,196.5800018310547,0.016495177886520107,665.493408203125,0.01017686501045656,598.9656982421875,0.011217471974352744,0.006318312876063548,23.510000228881836,-0.13534388499059757,0.0,0.0,0.0,0.0,0
2026-03-16,COST,1001.739990234375,-0.006634077219039192,665.493408203125,0.01017686501045656,598.9656982421875,0.011217471974352744,-0.01681094222949575,23.510000228881836,-0.13534388499059757,0.0,0.0,0.0,0.0,0
2026-03-16,GOOGL,305.55999755859375,0.010850862751563328,665.493408203125,0.01017686501045656,598.9656982421875,0.011217471974352744,0.0006739977411067688,23.510000228881836,-0.13534388499059757,0.0,0.0,0.0,0.0,1
2026-03-16,NVDA,183.22000122070312,0.01647712189016981,665.493408203125,0.01017686501045656,598.9656982421875,0.011217471974352744,0.006300256879713251,23.510000228881836,-0.13534388499059757,0.0,0.0,0.0,0.0,0
2026-03-16,TSLA,395.55999755859375,0.011145156481373375,665.493408203125,0.01017686501045656,598.9656982421875,0.011217471974352744,0.0009682914709168156,23.510000228881836,-0.13534388499059757,0.0,0.0,0.0,0.0,1
2026-03-17,AMD,196.30999755859375,-0.0013735083423845884,667.2440185546875,0.002630544991105488,601.8887939453125,0.0048802389046711525,-0.004004053333490076,22.3700008392334,-0.048489977820074914,0.0,0.0,0.0,0.0,1
2026-03-17,COST,996.1599731445312,-0.005570324779125779,667.2440185546875,0.002630544991105488,601.8887939453125,0.0048802389046711525,-0.008200869770231267,22.3700008392334,-0.048489977820074914,5.0,1.0,4.0,0.6833333333333335,0
2026-03-17,GOOGL,310.9200134277344,0.01754161510658081,667.2440185546875,0.002630544991105488,601.8887939453125,0.0048802389046711525,0.014911070115475322,22.3700008392334,-0.048489977820074914,0.0,0.0,0.0,0.0,0
2026-03-17,NVDA,181.92999267578125,-0.00704076266961684,667.2440185546875,0.002630544991105488,601.8887939453125,0.0048802389046711525,-0.009671307660722328,22.3700008392334,-0.048489977820074914,2.0,0.0,2.0,0.9,1
2026-03-17,TSLA,399.2699890136719,0.00937908655570907,667.2440185546875,0.002630544991105488,601.8887939453125,0.0048802389046711525,0.006748541564603583,22.3700008392334,-0.048489977820074914,0.0,0.0,0.0,0.0,0
2026-03-18,AMD,199.4600067138672,0.01604609645177768,657.9335327148438,-0.013953644515257158,593.4986572265625,-0.013939679228373136,0.029999740967034838,23.559999465942383,0.053196181585380975,0.0,0.0,0.0,0.0,1
2026-03-18,COST,989.97998046875,-0.006203815493884157,657.9335327148438,-0.013953644515257158,593.4986572265625,-0.013939679228373136,0.007749829021373,23.559999465942383,0.053196181585380975,5.0,1.0,4.0,0.4428571428571429,0
2026-03-18,GOOGL,310.04998779296875,-0.002798229760683557,657.9335327148438,-0.013953644515257158,593.4986572265625,-0.013939679228373136,0.0111554147545736,23.559999465942383,0.053196181585380975,4.0,9.0,-5.0,-0.07766666666666665,0
2026-03-18,NVDA,182.3249969482422,0.0021711883051898084,657.9335327148438,-0.013953644515257158,593.4986572265625,-0.013939679228373136,0.016124832820446966,23.559999465942383,0.053196181585380975,8.0,4.0,4.0,0.19722222222222224,0
2026-03-18,TSLA,397.40399169921875,-0.004673522593227619,657.9335327148438,-0.013953644515257158,593.4986572265625,-0.013939679228373136,0.009280121922029538,23.559999465942383,0.053196181585380975,6.0,6.0,0.0,0.21428571428571427,0
2026-03-19,AMD,205.27000427246094,0.029128634127283615,656.3121948242188,-0.002464288275344284,591.623046875,-0.003160260480330801,0.0315929224026279,25.06999969482422,0.06409169198261844,0.0,0.0,0.0,0.0,0
2026-03-19,COST,971.0474853515625,-0.01912411916473611,656.3121948242188,-0.002464288275344284,591.623046875,-0.003160260480330801,-0.016659830889391825,25.06999969482422,0.06409169198261844,3.0,0.0,3.0,0.5666666666666668,1
2026-03-19,GOOGL,304.6099853515625,-0.01754556573322208,656.3121948242188,-0.002464288275344284,591.623046875,-0.003160260480330801,-0.015081277457877795,25.06999969482422,0.06409169198261844,9.0,1.0,8.0,0.6100000000000001,0
2026-03-19,NVDA,178.3000030517578,-0.022075930145919465,656.3121948242188,-0.002464288275344284,591.623046875,-0.003160260480330801,-0.01961164187057518,25.06999969482422,0.06409169198261844,2.0,2.0,0.0,0.005,0
2026-03-19,TSLA,382.4849853515625,-0.0375411587686012,656.3121948242188,-0.002464288275344284,591.623046875,-0.003160260480330801,-0.03507687049325692,25.06999969482422,0.06409169198261844,5.0,5.0,0.0,0.28,0
2026-03-20,AMD,201.3300018310547,-0.019194243481266637,646.9034423828125,-0.014335787930812693,580.6888427734375,-0.018481707498242073,-0.004858455550453944,26.780000686645508,0.06820905515105857,0.0,0.0,0.0,0.0,1
2026-03-20,COST,972.3300170898438,0.0013207713913361285,646.9034423828125,-0.014335787930812693,580.6888427734375,-0.018481707498242073,0.015656559322148822,26.780000686645508,0.06820905515105857,1.0,0.0,1.0,0.4,0
2026-03-20,GOOGL,301.0,-0.01185117207302333,646.9034423828125,-0.014335787930812693,580.6888427734375,-0.018481707498242073,0.002484615857789363,26.780000686645508,0.06820905515105857,0.0,0.0,0.0,0.0,1
2026-03-20,NVDA,172.92999267578125,-0.03011783670254753,646.9034423828125,-0.014335787930812693,580.6888427734375,-0.018481707498242073,-0.015782048771734836,26.780000686645508,0.06820905515105857,0.0,0.0,0.0,0.0,1
2026-03-20,TSLA,367.9599914550781,-0.03797533093523575,646.9034423828125,-0.014335787930812693,580.6888427734375,-0.018481707498242073,-0.023639543004423058,26.780000686645508,0.06820905515105857,0.0,0.0,0.0,0.0,1
2026-03-23,AMD,202.67999267578125,0.006705363495001615,653.6959228515625,0.010499991225476402,587.3545532226562,0.011478971108489944,-0.0037946277304747866,26.149999618530273,-0.023525057952272554,0.0,0.0,0.0,0.0,1
2026-03-23,COST,965.72998046875,-0.006787856494287259,653.6959228515625,0.010499991225476402,587.3545532226562,0.011478971108489944,-0.01728784771976366,26.149999618530273,-0.023525057952272554,1.0,0.0,1.0,0.8,1
2026-03-23,GOOGL,302.05999755859375,0.00352158657340107,653.6959228515625,0.010499991225476402,587.3545532226562,0.011478971108489944,-0.006978404652075332,26.149999618530273,-0.023525057952272554,0.0,0.0,0.0,0.0,0
2026-03-23,NVDA,175.63999938964844,0.015671120272051642,653.6959228515625,0.010499991225476402,587.3545532226562,0.011478971108489944,0.00517112904657524,26.149999618530273,-0.023525057952272554,0.0,0.0,0.0,0.0,0
2026-03-23,TSLA,380.8500061035156,0.035031022251806876,653.6959228515625,0.010499991225476402,587.3545532226562,0.011478971108489944,0.024531031026330474,26.149999618530273,-0.023525057952272554,0.0,0.0,0.0,0.0,1
2026-03-24,AMD,205.3699951171875,0.013272165673053449,651.5015869140625,-0.0033568144771775055,583.3389282226562,-0.006836798962342794,0.016628980150230954,26.950000762939453,0.03059277843515873,0.0,0.0,0.0,0.0,1
2026-03-24,COST,973.8200073242188,0.00837711059932289,651.5015869140625,-0.0033568144771775055,583.3389282226562,-0.006836798962342794,0.011733925076500396,26.950000762939453,0.03059277843515873,5.0,1.0,4.0,0.5666666666666667,1
2026-03-24,GOOGL,290.44000244140625,-0.03846916245483134,651.5015869140625,-0.0033568144771775055,583.3389282226562,-0.006836798962342794,-0.035112347977653835,26.950000762939453,0.03059277843515873,1.0,0.0,1.0,0.9,1
2026-03-24,NVDA,175.1999969482422,-0.002505138026276832,651.5015869140625,-0.0033568144771775055,583.3389282226562,-0.006836798962342794,0.0008516764509006736,26.950000762939453,0.03059277843515873,2.0,0.0,2.0,0.8,1
2026-03-24,TSLA,383.0299987792969,0.005724019012326664,651.5015869140625,-0.0033568144771775055,583.3389282226562,-0.006836798962342794,0.00908083348950417,26.950000762939453,0.03059277843515873,0.0,1.0,-1.0,-0.2,1
2026-03-25,AMD,220.27000427246094,0.07255202565872021,655.1322021484375,0.0055726882440485515,587.1747436523438,0.006575620525403059,0.06697933741467166,25.469999313354492,-0.05491656429265113,0.0,0.0,0.0,0.0,0
2026-03-25,COST,974.8599853515625,0.0010679365997021684,655.1322021484375,0.0055726882440485515,587.1747436523438,0.006575620525403059,-0.004504751644346383,25.469999313354492,-0.05491656429265113,3.0,0.0,3.0,0.5333333333333333,1
2026-03-25,GOOGL,290.92999267578125,0.0016870618036641805,655.1322021484375,0.0055726882440485515,587.1747436523438,0.006575620525403059,-0.003885626440384371,25.469999313354492,-0.05491656429265113,6.0,1.0,5.0,0.3611111111111111,0
2026-03-25,NVDA,178.67999267578125,0.019862989658425256,655.1322021484375,0.0055726882440485515,587.1747436523438,0.006575620525403059,0.014290301414376705,25.469999313354492,-0.05491656429265113,3.0,1.0,2.0,0.35714285714285715,0
2026-03-25,TSLA,385.95001220703125,0.007623458833617036,655.1322021484375,0.0055726882440485515,587.1747436523438,0.006575620525403059,0.0020507705895684847,25.469999313354492,-0.05491656429265113,6.0,2.0,4.0,0.3333333333333333,0
2026-03-26,AMD,203.77000427246094,-0.07490806591890964,643.432373046875,-0.017858729983344035,573.1600952148438,-0.023867934697473725,-0.057049335935565604,27.440000534057617,0.07734594714614729,0.0,0.0,0.0,0.0,0
2026-03-26,COST,979.6500244140625,0.004913566188453844,643.432373046875,-0.017858729983344035,573.1600952148438,-0.023867934697473725,0.02277229617179788,27.440000534057617,0.07734594714614729,7.0,1.0,6.0,0.48750000000000004,1
2026-03-26,GOOGL,280.9200134277344,-0.034406831540405025,643.432373046875,-0.017858729983344035,573.1600952148438,-0.023867934697473725,-0.01654810155706099,27.440000534057617,0.07734594714614729,0.0,2.0,-2.0,-0.65,0
2026-03-26,NVDA,171.24000549316406,-0.04163861365338872,643.432373046875,-0.017858729983344035,573.1600952148438,-0.023867934697473725,-0.023779883670044688,27.440000534057617,0.07734594714614729,0.0,1.0,-1.0,-0.1,0
2026-03-26,TSLA,372.1099853515625,-0.03585963575004292,643.432373046875,-0.017858729983344035,573.1600952148438,-0.023867934697473725,-0.018000905766698883,27.440000534057617,0.07734594714614729,0.0,0.0,0.0,0.0,0
2026-03-27,AMD,201.99000549316406,-0.00873533268869564,632.4606323242188,-0.01705189415742525,561.9624633789062,-0.019536656388718376,0.00831656146872961,29.540000915527344,0.07653062465736027,0.0,0.0,0.0,0.0,0
2026-03-27,COST,983.27001953125,0.0036951921879986305,632.4606323242188,-0.01705189415742525,561.9624633789062,-0.019536656388718376,0.020747086345423882,29.540000915527344,0.07653062465736027,0.0,1.0,-1.0,-0.025,1
2026-03-27,GOOGL,276.6499938964844,-0.01520012575518559,632.4606323242188,-0.01705189415742525,561.9624633789062,-0.019536656388718376,0.0018517684022396619,29.540000915527344,0.07653062465736027,3.0,3.0,0.0,0.1857142857142857,0
2026-03-27,NVDA,168.69500732421875,-0.014862170563565535,632.4606323242188,-0.01705189415742525,561.9624633789062,-0.019536656388718376,0.002189723593859716,29.540000915527344,0.07653062465736027,0.0,5.0,-5.0,-0.14375,0
2026-03-27,TSLA,364.30999755859375,-0.020961511649840503,632.4606323242188,-0.01705189415742525,561.9624633789062,-0.019536656388718376,-0.003909617492415252,29.540000915527344,0.07653062465736027,3.0,7.0,-4.0,-0.024999999999999977,0
2026-03-30,AMD,196.0399932861328,-0.02945696343986992,630.3460693359375,-0.0033433906874337227,557.6671752929688,-0.007643371872404492,-0.026113572752436198,30.610000610351562,0.036222060313538584,0.0,0.0,0.0,0.0,1
2026-03-30,COST,996.5800170898438,0.013536462308633146,630.3460693359375,-0.0033433906874337227,557.6671752929688,-0.007643371872404492,0.01687985299606687,30.610000610351562,0.036222060313538584,8.0,1.0,7.0,0.65,0
2026-03-30,GOOGL,273.5,-0.011386206275005417,630.3460693359375,-0.0033433906874337227,557.6671752929688,-0.007643371872404492,-0.008042815587571694,30.610000610351562,0.036222060313538584,9.0,4.0,5.0,0.19444444444444445,1
2026-03-30,NVDA,165.1699981689453,-0.020895752702975057,630.3460693359375,-0.0033433906874337227,557.6671752929688,-0.007643371872404492,-0.017552362015541334,30.610000610351562,0.036222060313538584,4.0,8.0,-4.0,0.015625,1
2026-03-30,TSLA,355.2799987792969,-0.024786579670640352,630.3460693359375,-0.0033433906874337227,557.6671752929688,-0.007643371872404492,-0.02144318898320663,30.610000610351562,0.036222060313538584,5.0,8.0,-3.0,0.015384615384615382,1
2026-03-31,AMD,203.42999267578125,0.03769638666974573,648.6688842773438,0.029067865784757174,576.54638671875,0.03385390473424077,0.008628520884988555,28.940000534057617,-0.054557335609107804,0.0,0.0,0.0,0.0,1
2026-03-31,COST,995.0399780273438,-0.0015453240443222827,648.6688842773438,0.029067865784757174,576.54638671875,0.03385390473424077,-0.030613189829079457,28.940000534057617,-0.054557335609107804,6.0,1.0,5.0,0.6857142857142858,1
2026-03-31,GOOGL,282.1499938964844,0.03162703435643288,648.6688842773438,0.029067865784757174,576.54638671875,0.03385390473424077,0.0025591685716757073,28.940000534057617,-0.054557335609107804,9.0,13.0,-4.0,0.028703703703703714,1
2026-03-31,NVDA,170.89500427246094,0.034661295434899486,648.6688842773438,0.029067865784757174,576.54638671875,0.03385390473424077,0.005593429650142312,28.940000534057617,-0.054557335609107804,20.0,6.0,14.0,0.42602941176470593,1
2026-03-31,TSLA,364.5199890136719,0.026007628535584804,648.6688842773438,0.029067865784757174,576.54638671875,0.03385390473424077,-0.0030602372491723706,28.940000534057617,-0.054557335609107804,8.0,9.0,-1.0,0.14761904761904762,1
2026-04-01,AMD,210.2100067138672,0.03332848784442355,653.5562744140625,0.00753449141030349,583.6685791015625,0.012353199234057088,0.02579399643412006,24.540000915527344,-0.15203868477307725,0.0,0.0,0.0,0.0,1
2026-04-01,COST,996.5599975585938,0.0015275964431735733,653.5562744140625,0.00753449141030349,583.6685791015625,0.012353199234057088,-0.0060068949671299166,24.540000915527344,-0.15203868477307725,4.0,3.0,1.0,0.2875,1
2026-04-01,GOOGL,297.3900146484375,0.054013897152676904,653.5562744140625,0.00753449141030349,583.6685791015625,0.012353199234057088,0.046479405742373414,24.540000915527344,-0.15203868477307725,0.0,0.0,0.0,0.0,0
2026-04-01,NVDA,175.75,0.02840923143545293,653.5562744140625,0.00753449141030349,583.6685791015625,0.012353199234057088,0.02087474002514944,24.540000915527344,-0.15203868477307725,0.0,0.0,0.0,0.0,1
2026-04-01,TSLA,381.260009765625,0.045923464436747885,653.5562744140625,0.00753449141030349,583.6685791015625,0.012353199234057088,0.038388973026444395,24.540000915527344,-0.15203868477307725,0.0,0.0,0.0,0.0,0
2026-04-02,AMD,217.5,0.034679573061694224,654.144775390625,0.0009004595313388819,584.3378295898438,0.0011466275764089318,0.03377911353035534,25.5,0.03911976563396258,0.0,0.0,0.0,0.0,1
2026-04-02,COST,1006.3076782226562,0.009781328457837635,654.144775390625,0.0009004595313388819,584.3378295898438,0.0011466275764089318,0.008880868926498753,25.5,0.03911976563396258,1.0,1.0,0.0,0.30000000000000004,1
2026-04-02,GOOGL,295.25,-0.007195986896087803,654.144775390625,0.0009004595313388819,584.3378295898438,0.0011466275764089318,-0.008096446427426685,25.5,0.03911976563396258,6.0,1.0,5.0,0.35555555555555557,1
2026-04-02,NVDA,176.2799072265625,0.0030151193545520094,654.144775390625,0.0009004595313388819,584.3378295898438,0.0011466275764089318,0.0021146598232131275,25.5,0.03911976563396258,3.0,3.0,0.0,0.061111111111111116,1
2026-04-02,TSLA,365.7049865722656,-0.040798989652551354,654.144775390625,0.0009004595313388819,584.3378295898438,0.0011466275764089318,-0.041699449183890236,25.5,0.03911976563396258,1.0,7.0,-6.0,-0.15555555555555556,0
2026-04-06,AMD,220.17999267578125,0.012321805405890895,657.23681640625,0.004726845083763864,587.85400390625,0.006017365534718655,0.007594960322127031,24.170000076293945,-0.05215685975317863,0.0,0.0,0.0,0.0,1
2026-04-06,COST,1018.5499877929688,0.012165573050118228,657.23681640625,0.004726845083763864,587.85400390625,0.006017365534718655,0.007438727966354364,24.170000076293945,-0.05215685975317863,0.0,0.0,0.0,0.0,0
2026-04-06,GOOGL,299.989990234375,0.016054158287468256,657.23681640625,0.004726845083763864,587.85400390625,0.006017365534718655,0.011327313203704392,24.170000076293945,-0.05215685975317863,0.0,0.0,0.0,0.0,1
2026-04-06,NVDA,177.63999938964844,0.007715525748138052,657.23681640625,0.004726845083763864,587.85400390625,0.006017365534718655,0.002988680664374188,24.170000076293945,-0.05215685975317863,0.0,0.0,0.0,0.0,1
2026-04-06,TSLA,352.82000732421875,-0.03523326101953694,657.23681640625,0.004726845083763864,587.85400390625,0.006017365534718655,-0.03996010610330081,24.170000076293945,-0.05215685975317863,0.0,0.0,0.0,0.0,0
2026-04-07,AMD,221.52999877929688,0.006131375004192696,657.5260009765625,0.0004400005646272298,587.9439086914062,0.00015293726768694782,0.005691374439565466,25.780000686645508,0.06661152690399286,0.0,0.0,0.0,0.0,1
2026-04-07,COST,1013.2100219726562,-0.005242713547995104,657.5260009765625,0.0004400005646272298,587.9439086914062,0.00015293726768694782,-0.0056827141126223335,25.780000686645508,0.06661152690399286,3.0,2.0,1.0,0.26,1
2026-04-07,GOOGL,305.4599914550781,0.01823394579408988,657.5260009765625,0.0004400005646272298,587.9439086914062,0.00015293726768694782,0.01779394522946265,25.780000686645508,0.06661152690399286,1.0,0.0,1.0,0.8,1
2026-04-07,NVDA,178.10000610351562,0.0025895446715138437,657.5260009765625,0.0004400005646272298,587.9439086914062,0.00015293726768694782,0.002149544106886614,25.780000686645508,0.06661152690399286,1.0,0.0,1.0,0.45,1
2026-04-07,TSLA,346.6499938964844,-0.017487708462248674,657.5260009765625,0.0004400005646272298,587.9439086914062,0.00015293726768694782,-0.017927709026875904,25.780000686645508,0.06661152690399286,1.0,0.0,1.0,0.8,1
2026-04-08,AMD,231.82000732421875,0.046449729615055224,674.27294921875,0.02546963651219092,605.4246826171875,0.029732043596962132,0.020980093102864306,20.950000762939453,-0.187354530452285,0.0,0.0,0.0,0.0,1
2026-04-08,COST,1024.135009765625,0.010782550069627694,674.27294921875,0.02546963651219092,605.4246826171875,0.029732043596962132,-0.014687086442563224,20.950000762939453,-0.187354530452285,1.0,3.0,-2.0,-0.125,1
2026-04-08,GOOGL,319.2200012207031,0.04504684787057811,674.27294921875,0.02546963651219092,605.4246826171875,0.029732043596962132,0.019577211358387192,20.950000762939453,-0.187354530452285,15.0,1.0,14.0,0.52,0
2026-04-08,NVDA,181.59500122070312,0.0196237787614455,674.27294921875,0.02546963651219092,605.4246826171875,0.029732043596962132,-0.00584585775074542,20.950000762939453,-0.187354530452285,11.0,8.0,3.0,0.2256923076923077,1
2026-04-08,TSLA,348.1000061035156,0.004182928696269572,674.27294921875,0.02546963651219092,605.4246826171875,0.029732043596962132,-0.021286707815921346,20.950000762939453,-0.187354530452285,10.0,4.0,6.0,0.25441176470588234,0
2026-04-09,AMD,236.63999938964844,0.020791958904084362,678.162841796875,0.005769017699185586,609.5202026367188,0.006764706060259584,0.015022941204898776,21.239999771118164,0.013842434253831692,0.0,0.0,0.0,0.0,1
2026-04-09,COST,1033.949951171875,0.009583640157459383,678.162841796875,0.005769017699185586,609.5202026367188,0.006764706060259584,0.0038146224582737975,21.239999771118164,0.013842434253831692,8.0,0.0,8.0,0.78125,0
2026-04-09,GOOGL,318.8949890136719,-0.0010181448712123231,678.162841796875,0.005769017699185586,609.5202026367188,0.006764706060259584,-0.006787162570397909,21.239999771118164,0.013842434253831692,15.0,5.0,10.0,0.39642857142857146,0
2026-04-09,NVDA,183.75650024414062,0.01190285530387758,678.162841796875,0.005769017699185586,609.5202026367188,0.006764706060259584,0.006133837604691994,21.239999771118164,0.013842434253831692,10.0,6.0,4.0,0.2354166666666667,1
2026-04-09,TSLA,345.6675109863281,-0.006987920352015564,678.162841796875,0.005769017699185586,609.5202026367188,0.006764706060259584,-0.01275693805120115,21.239999771118164,0.013842434253831692,16.0,8.0,8.0,0.2388888888888889,0
2026-04-10,AMD,245.0399932861328,0.03549693170279733,677.7140502929688,-0.0006617754265585418,610.3992309570312,0.0014421643720912147,0.03615870712935587,20.18000030517578,-0.049905813435259794,0.0,0.0,0.0,0.0,1
2026-04-10,COST,999.4099731445312,-0.033405851016479304,677.7140502929688,-0.0006617754265585418,610.3992309570312,0.0014421643720912147,-0.03274407558992076,20.18000030517578,-0.049905813435259794,3.0,0.0,3.0,0.625,0
2026-04-10,GOOGL,316.7149963378906,-0.006836083196301912,677.7140502929688,-0.0006617754265585418,610.3992309570312,0.0014421643720912147,-0.00617430776974337,20.18000030517578,-0.049905813435259794,9.0,2.0,7.0,0.5416666666666666,1
2026-04-10,NVDA,188.25999450683594,0.024507945333699377,677.7140502929688,-0.0006617754265585418,610.3992309570312,0.0014421643720912147,0.02516972076025792,20.18000030517578,-0.049905813435259794,7.0,4.0,3.0,0.2236842105263158,1
2026-04-10,TSLA,344.5599060058594,-0.003204249590331165,677.7140502929688,-0.0006617754265585418,610.3992309570312,0.0014421643720912147,-0.0025424741637726234,20.18000030517578,-0.049905813435259794,1.0,3.0,-2.0,-0.12727272727272726,1
2026-04-13,AMD,246.8300018310547,0.0073049648790664,684.3369750976562,0.009772447246481741,616.7122802734375,0.010342492251355084,-0.002467482367415341,19.1200008392334,-0.05252722744858007,0.0,0.0,0.0,0.0,1
2026-04-13,COST,980.8499755859375,-0.01857095492072869,684.3369750976562,0.009772447246481741,616.7122802734375,0.010342492251355084,-0.02834340216721043,19.1200008392334,-0.05252722744858007,8.0,1.0,7.0,0.7111111111111111,0
2026-04-13,GOOGL,321.30999755859375,0.01450831591125823,684.3369750976562,0.009772447246481741,616.7122802734375,0.010342492251355084,0.004735868664776488,19.1200008392334,-0.05252722744858007,8.0,1.0,7.0,0.5650000000000001,1
2026-04-13,NVDA,189.30999755859375,0.0055774093402498615,684.3369750976562,0.009772447246481741,616.7122802734375,0.010342492251355084,-0.00419503790623188,19.1200008392334,-0.05252722744858007,0.0,2.0,-2.0,-0.05,1
2026-04-13,TSLA,352.4200134277344,0.022812019869024924,684.3369750976562,0.009772447246481741,616.7122802734375,0.010342492251355084,0.013039572622543183,19.1200008392334,-0.05252722744858007,2.0,3.0,-1.0,0.12000000000000002,1
2026-04-14,AMD,255.07000732421875,0.03338332225433449,692.675537109375,0.012184877209840739,627.909912109375,0.01815697886050316,0.021198445044493752,18.360000610351562,-0.039748964201003045,0.0,0.0,0.0,0.0,1
2026-04-14,COST,974.7999877929688,-0.006168107196367734,692.675537109375,0.012184877209840739,627.909912109375,0.01815697886050316,-0.018352984406208472,18.360000610351562,-0.039748964201003045,3.0,1.0,2.0,0.1375,1
2026-04-14,GOOGL,332.9100036621094,0.03610222586180267,692.675537109375,0.012184877209840739,627.909912109375,0.01815697886050316,0.023917348651961934,18.360000610351562,-0.039748964201003045,6.0,1.0,5.0,0.15,1
2026-04-14,NVDA,196.50999450683594,0.03803284053190947,692.675537109375,0.012184877209840739,627.909912109375,0.01815697886050316,0.025847963322068734,18.360000610351562,-0.039748964201003045,3.0,2.0,1.0,0.175,1
2026-04-14,TSLA,364.20001220703125,0.03342602102735692,692.675537109375,0.012184877209840739,627.909912109375,0.01815697886050316,0.021241143817516184,18.360000610351562,-0.039748964201003045,4.0,0.0,4.0,0.37777777777777777,1
2026-04-15,AMD,258.1199951171875,0.011957453661307627,698.1414184570312,0.007890969227043909,636.7003173828125,0.013999468879074328,0.004066484434263717,17.829999923706055,-0.028867138835860784,0.0,0.0,0.0,0.0,1
2026-04-15,COST,975.0,0.0002051828165119396,698.1414184570312,0.007890969227043909,636.7003173828125,0.013999468879074328,-0.0076857864105319695,17.829999923706055,-0.028867138835860784,3.0,0.0,3.0,1.0,1
2026-04-15,GOOGL,333.3500061035156,0.001321685850728782,698.1414184570312,0.007890969227043909,636.7003173828125,0.013999468879074328,-0.006569283376315127,17.829999923706055,-0.028867138835860784,4.0,3.0,1.0,0.04444444444444443,1
2026-04-15,NVDA,198.5749969482422,0.010508383792837694,698.1414184570312,0.007890969227043909,636.7003173828125,0.013999468879074328,0.0026174145657937853,17.829999923706055,-0.028867138835860784,9.0,2.0,7.0,0.4785714285714286,0
2026-04-15,TSLA,370.69500732421875,0.017833593903054057,698.1414184570312,0.007890969227043909,636.7003173828125,0.013999468879074328,0.009942624676010148,17.829999923706055,-0.028867138835860784,3.0,5.0,-2.0,0.019999999999999997,1
2026-04-16,AMD,278.260009765625,0.07802578269573357,699.8569946289062,0.002457347646937613,639.7669067382812,0.004816377928118731,0.07556843504879596,17.940000534057617,0.0061694117118480385,0.0,0.0,0.0,0.0,1
2026-04-16,COST,987.2100219726562,0.012523099459134546,699.8569946289062,0.002457347646937613,639.7669067382812,0.004816377928118731,0.010065751812196932,17.940000534057617,0.0061694117118480385,0.0,0.0,0.0,0.0,1
2026-04-16,GOOGL,336.0199890136719,0.008009548106404196,699.8569946289062,0.002457347646937613,639.7669067382812,0.004816377928118731,0.005552200459466583,17.940000534057617,0.0061694117118480385,0.0,0.0,0.0,0.0,1
2026-04-16,NVDA,198.35000610351562,-0.001133027058714764,699.8569946289062,0.002457347646937613,639.7669067382812,0.004816377928118731,-0.003590374705652377,17.940000534057617,0.0061694117118480385,0.0,0.0,0.0,0.0,1
2026-04-16,TSLA,388.8999938964844,0.04911041749300682,699.8569946289062,0.002457347646937613,639.7669067382812,0.004816377928118731,0.046653069846069206,17.940000534057617,0.0061694117118480385,0.0,0.0,0.0,0.0,1
2026-04-17,AMD,278.3900146484375,0.0004672064912309981,708.3152465820312,0.012085686101644066,648.1376953125,0.013084122492198702,-0.011618479610413068,17.479999542236328,-0.02564108016318145,0.0,0.0,0.0,0.0,0
2026-04-17,COST,999.8900146484375,0.01284427061472071,708.3152465820312,0.012085686101644066,648.1376953125,0.013084122492198702,0.0007585845130766433,17.479999542236328,-0.02564108016318145,0.0,0.0,0.0,0.0,0
2026-04-17,GOOGL,341.67999267578125,0.016844246911391636,708.3152465820312,0.012085686101644066,648.1376953125,0.013084122492198702,0.0047585608097475696,17.479999542236328,-0.02564108016318145,0.0,0.0,0.0,0.0,0
2026-04-17,NVDA,201.67999267578125,0.0167884369538549,708.3152465820312,0.012085686101644066,648.1376953125,0.013084122492198702,0.004702750852210835,17.479999542236328,-0.02564108016318145,0.0,0.0,0.0,0.0,1
2026-04-17,TSLA,400.6199951171875,0.03013628543234881,708.3152465820312,0.012085686101644066,648.1376953125,0.013084122492198702,0.018050599330704742,17.479999542236328,-0.02564108016318145,0.0,1.0,-1.0,-0.2,0
2026-04-20,AMD,274.95001220703125,-0.012356773807962962,706.8988037109375,-0.0019997351150194964,646.0799560546875,-0.003174848913578998,-0.010357038692943465,18.8700008392334,0.07951952708227816,0.0,0.0,0.0,0.0,1
2026-04-20,COST,997.8400268554688,-0.002050213286397873,706.8988037109375,-0.0019997351150194964,646.0799560546875,-0.003174848913578998,-5.04781713783764e-05,18.8700008392334,0.07951952708227816,0.0,0.0,0.0,0.0,1
2026-04-20,GOOGL,337.4200134277344,-0.012467745666598473,706.8988037109375,-0.0019997351150194964,646.0799560546875,-0.003174848913578998,-0.010468010551578977,18.8700008392334,0.07951952708227816,0.0,0.0,0.0,0.0,0
2026-04-20,NVDA,202.05999755859375,0.0018841972263623497,706.8988037109375,-0.0019997351150194964,646.0799560546875,-0.003174848913578998,0.003883932341381846,18.8700008392334,0.07951952708227816,0.0,0.0,0.0,0.0,0
2026-04-20,TSLA,392.5,-0.02026857175416885,706.8988037109375,-0.0019997351150194964,646.0799560546875,-0.003174848913578998,-0.018268836639149355,18.8700008392334,0.07951952708227816,0.0,0.0,0.0,0.0,0
2026-04-21,AMD,284.489990234375,0.034697136220384506,702.2708129882812,-0.006546892848539487,643.6226806640625,-0.00380336112828894,0.04124402906892399,19.5,0.03338628154465928,0.0,0.0,0.0,0.0,1
2026-04-21,COST,1005.8099975585938,0.007987222890067036,702.2708129882812,-0.006546892848539487,643.6226806640625,-0.00380336112828894,0.014534115738606523,19.5,0.03338628154465928,0.0,0.0,0.0,0.0,0
2026-04-21,GOOGL,332.2900085449219,-0.015203617683191117,702.2708129882812,-0.006546892848539487,643.6226806640625,-0.00380336112828894,-0.00865672483465163,19.5,0.03338628154465928,0.0,0.0,0.0,0.0,1
2026-04-21,NVDA,199.8800048828125,-0.010788838474320439,702.2708129882812,-0.006546892848539487,643.6226806640625,-0.00380336112828894,-0.004241945625780952,19.5,0.03338628154465928,0.0,0.0,0.0,0.0,1
2026-04-21,TSLA,386.4200134277344,-0.015490411649084379,702.2708129882812,-0.006546892848539487,643.6226806640625,-0.00380336112828894,-0.008943518800544892,19.5,0.03338628154465928,0.0,0.0,0.0,0.0,1
2026-04-22,AMD,303.4599914550781,0.06668073349461201,709.3825073242188,0.01012671209511895,654.390869140625,0.01673059200687632,0.05655402139949306,18.920000076293945,-0.029743585831079722,0.0,0.0,0.0,0.0,1
2026-04-22,COST,1003.7000122070312,-0.0020977971552123,709.3825073242188,0.01012671209511895,654.390869140625,0.01673059200687632,-0.01222450925033125,18.920000076293945,-0.029743585831079722,0.0,0.0,0.0,0.0,1
2026-04-22,GOOGL,339.32000732421875,0.02115621474771645,709.3825073242188,0.01012671209511895,654.390869140625,0.01673059200687632,0.0110295026525975,18.920000076293945,-0.029743585831079722,0.0,0.0,0.0,0.0,0
2026-04-22,NVDA,202.5,0.013107839969903834,709.3825073242188,0.01012671209511895,654.390869140625,0.01673059200687632,0.0029811278747848835,18.920000076293945,-0.029743585831079722,0.0,0.0,0.0,0.0,0
2026-04-22,TSLA,387.510009765625,0.0028207553957204645,709.3825073242188,0.01012671209511895,654.390869140625,0.01673059200687632,-0.007305956699398486,18.920000076293945,-0.029743585831079722,0.0,0.0,0.0,0.0,0
2026-04-23,AMD,305.3299865722656,0.006162245995661397,706.6295776367188,-0.0038807408683984024,650.7048950195312,-0.005632679633709281,0.0100429868640598,19.309999465942383,0.02061307547969271,0.0,0.0,0.0,0.0,1
2026-04-23,COST,1014.3800048828125,0.010640622243589526,706.6295776367188,-0.0038807408683984024,650.7048950195312,-0.005632679633709281,0.014521363111987928,19.309999465942383,0.02061307547969271,3.0,0.0,3.0,0.5,0
2026-04-23,GOOGL,338.8900146484375,-0.0012672187507363208,706.6295776367188,-0.0038807408683984024,650.7048950195312,-0.005632679633709281,0.0026135221176620815,19.309999465942383,0.02061307547969271,0.0,0.0,0.0,0.0,1
2026-04-23,NVDA,199.63999938964844,-0.014123459804205263,706.6295776367188,-0.0038807408683984024,650.7048950195312,-0.005632679633709281,-0.01024271893580686,19.309999465942383,0.02061307547969271,0.0,0.0,0.0,0.0,1
2026-04-23,TSLA,373.7200012207031,-0.03558619957523779,706.6295776367188,-0.0038807408683984024,650.7048950195312,-0.005632679633709281,-0.031705458706839384,19.309999465942383,0.02061307547969271,0.0,0.0,0.0,0.0,1
2026-04-24,AMD,347.80999755859375,0.1391281985212871,712.10546875,0.007749309237231605,663.1512451171875,0.019127488040923124,0.1313788892840555,18.709999084472656,-0.03107200404267052,0.0,0.0,0.0,0.0,0
2026-04-24,COST,1011.1500244140625,-0.0031841917754709126,712.10546875,0.007749309237231605,663.1512451171875,0.019127488040923124,-0.010933501012702518,18.709999084472656,-0.03107200404267052,2.0,3.0,-1.0,0.050000000000000024,0
2026-04-24,GOOGL,344.3999938964844,0.016258901147509164,712.10546875,0.007749309237231605,663.1512451171875,0.019127488040923124,0.008509591910277559,18.709999084472656,-0.03107200404267052,1.0,0.0,1.0,0.4,1
2026-04-24,NVDA,208.27000427246094,0.04322783464835034,712.10546875,0.007749309237231605,663.1512451171875,0.019127488040923124,0.03547852541111873,18.709999084472656,-0.03107200404267052,2.0,0.0,2.0,0.6,1
2026-04-24,TSLA,376.29998779296875,0.0069035282132037246,712.10546875,0.007749309237231605,663.1512451171875,0.019127488040923124,-0.0008457810240278807,18.709999084472656,-0.03107200404267052,3.0,1.0,2.0,0.2,1
2026-04-27,AMD,334.6300048828125,-0.03789423181707385,713.332275390625,0.001722787837563633,663.5008544921875,0.0005271940263615882,-0.039617019654637486,18.020000457763672,-0.03687860291140321,0.0,0.0,0.0,0.0,0
2026-04-27,COST,996.56396484375,-0.01442521803702157,713.332275390625,0.001722787837563633,663.5008544921875,0.0005271940263615882,-0.016148005874585203,18.020000457763672,-0.03687860291140321,0.0,0.0,0.0,0.0,0
2026-04-27,GOOGL,350.3399963378906,0.017247394154111362,713.332275390625,0.001722787837563633,663.5008544921875,0.0005271940263615882,0.015524606316547729,18.020000457763672,-0.03687860291140321,0.0,0.0,0.0,0.0,0
2026-04-27,NVDA,216.61000061035156,0.04004415502378422,713.332275390625,0.001722787837563633,663.5008544921875,0.0005271940263615882,0.03832136718622059,18.020000457763672,-0.03687860291140321,0.0,0.0,0.0,0.0,0
2026-04-27,TSLA,378.6700134277344,0.0062982346841573555,713.332275390625,0.001722787837563633,663.5008544921875,0.0005271940263615882,0.004575446846593723,18.020000457763672,-0.03687860291140321,0.0,0.0,0.0,0.0,0
2026-04-28,AMD,323.2099914550781,-0.03412728464601866,709.8612060546875,-0.004865992267119479,656.8281860351562,-0.010056759402575555,-0.029261292378899184,17.829999923706055,-0.010543869546671303,0.0,0.0,0.0,0.0,1
2026-04-28,COST,992.5597534179688,-0.0040180174750840125,709.8612060546875,-0.004865992267119479,656.8281860351562,-0.010056759402575555,0.0008479747920354663,17.829999923706055,-0.010543869546671303,0.0,0.0,0.0,0.0,1
2026-04-28,GOOGL,349.7799987792969,-0.0015984402707296397,709.8612060546875,-0.004865992267119479,656.8281860351562,-0.010056759402575555,0.003267551996389839,17.829999923706055,-0.010543869546671303,0.0,0.0,0.0,0.0,1
2026-04-28,NVDA,213.1699981689453,-0.01588108781548958,709.8612060546875,-0.004865992267119479,656.8281860351562,-0.010056759402575555,-0.011015095548370102,17.829999923706055,-0.010543869546671303,0.0,0.0,0.0,0.0,0
2026-04-28,TSLA,376.0199890136719,-0.006998242057971282,709.8612060546875,-0.004865992267119479,656.8281860351562,-0.010056759402575555,-0.0021322497908518034,17.829999923706055,-0.010543869546671303,0.0,0.0,0.0,0.0,0
2026-04-29,AMD,337.1099853515625,0.04300607736136852,709.7515258789062,-0.00015450932498595193,660.84375,0.006113568281962856,0.043160586686354474,18.809999465942383,0.054963519149170637,0.0,0.0,0.0,0.0,1
2026-04-29,COST,997.2229614257812,0.004698163502755648,709.7515258789062,-0.00015450932498595193,660.84375,0.006113568281962856,0.0048526728277416,18.809999465942383,0.054963519149170637,0.0,0.0,0.0,0.0,1
2026-04-29,GOOGL,349.94000244140625,0.000457440856160396,709.7515258789062,-0.00015450932498595193,660.84375,0.006113568281962856,0.0006119501811463479,18.809999465942383,0.054963519149170637,0.0,0.0,0.0,0.0,1
2026-04-29,NVDA,209.25,-0.01838907070702589,709.7515258789062,-0.00015450932498595193,660.84375,0.006113568281962856,-0.018234561382039938,18.809999465942383,0.054963519149170637,0.0,0.0,0.0,0.0,0
2026-04-29,TSLA,372.79998779296875,-0.008563377785179571,709.7515258789062,-0.00015450932498595193,660.84375,0.006113568281962856,-0.00840886846019362,18.809999465942383,0.054963519149170637,0.0,0.0,0.0,0.0,1
2026-04-30,AMD,354.489990234375,0.051555888695161034,716.8132934570312,0.009949633527564838,667.0069580078125,0.00932627116139395,0.041606255167596196,16.889999389648438,-0.10207337218538048,0.0,0.0,0.0,0.0,1
2026-04-30,COST,1013.06005859375,0.015881199872619822,716.8132934570312,0.009949633527564838,667.0069580078125,0.00932627116139395,0.005931566345054984,16.889999389648438,-0.10207337218538048,0.0,0.0,0.0,0.0,0
2026-04-30,GOOGL,384.79998779296875,0.09961703465838956,716.8132934570312,0.009949633527564838,667.0069580078125,0.00932627116139395,0.08966740113082472,16.889999389648438,-0.10207337218538048,0.0,0.0,0.0,0.0,1
2026-04-30,NVDA,199.57000732421875,-0.04626041900014932,716.8132934570312,0.009949633527564838,667.0069580078125,0.00932627116139395,-0.05621005252771416,16.889999389648438,-0.10207337218538048,0.0,0.0,0.0,0.0,0
2026-04-30,TSLA,381.6300048828125,0.02368566893502,716.8132934570312,0.009949633527564838,667.0069580078125,0.00932627116139395,0.01373603540745516,16.889999389648438,-0.10207337218538048,0.0,0.0,0.0,0.0,1
2026-05-01,AMD,360.5400085449219,0.017066824105659073,718.7982177734375,0.0027690952923506984,673.4099731445312,0.009599622702352262,0.014297728813308375,16.989999771118164,0.00592068591376127,0.0,0.0,0.0,0.0,0
2026-05-01,COST,1011.7000122070312,-0.0013425130871378421,718.7982177734375,0.0027690952923506984,673.4099731445312,0.009599622702352262,-0.0041116083794885405,16.989999771118164,0.00592068591376127,0.0,0.0,0.0,0.0,1
2026-05-01,GOOGL,385.69000244140625,0.0023129279539280123,718.7982177734375,0.0027690952923506984,673.4099731445312,0.009599622702352262,-0.0004561673384226861,16.989999771118164,0.00592068591376127,0.0,0.0,0.0,0.0,0
2026-05-01,NVDA,198.4499969482422,-0.005612117727474941,718.7982177734375,0.0027690952923506984,673.4099731445312,0.009599622702352262,-0.00838121301982564,16.989999771118164,0.00592068591376127,0.0,0.0,0.0,0.0,1
2026-05-01,TSLA,390.82000732421875,0.024080922159745333,718.7982177734375,0.0027690952923506984,673.4099731445312,0.009599622702352262,0.021311826867394634,16.989999771118164,0.00592068591376127,0.0,0.0,0.0,0.0,1
2026-05-04,AMD,341.5400085449219,-0.05269872843427492,716.1649780273438,-0.0036633921467564834,672.141357421875,-0.0018838683316975136,-0.04903533628751844,18.290000915527344,0.07651566579883617,0.0,0.0,0.0,0.0,1
2026-05-04,COST,1012.7899780273438,0.00107736068712172,716.1649780273438,-0.0036633921467564834,672.141357421875,-0.0018838683316975136,0.0047407528338782035,18.290000915527344,0.07651566579883617,3.0,0.0,3.0,0.35,1
2026-05-04,GOOGL,383.25,-0.006326330539970226,716.1649780273438,-0.0036633921467564834,672.141357421875,-0.0018838683316975136,-0.002662938393213743,18.290000915527344,0.07651566579883617,0.0,0.0,0.0,0.0,1
2026-05-04,NVDA,198.47999572753906,0.00015116543088034007,716.1649780273438,-0.0036633921467564834,672.141357421875,-0.0018838683316975136,0.0038145575776368235,18.290000915527344,0.07651566579883617,0.0,0.0,0.0,0.0,0
2026-05-04,TSLA,392.510009765625,0.00432424750456617,716.1649780273438,-0.0036633921467564834,672.141357421875,-0.0018838683316975136,0.007987639651322653,18.290000915527344,0.07651566579883617,0.0,0.0,0.0,0.0,0
2026-05-05,AMD,355.260009765625,0.04017099278984926,721.9102172851562,0.008022228723942426,680.8617553710938,0.012974053527471385,0.03214876406590683,17.3799991607666,-0.04975405736520189,0.0,0.0,0.0,0.0,1
2026-05-05,COST,1016.4199829101562,0.0035841635102698,721.9102172851562,0.008022228723942426,680.8617553710938,0.012974053527471385,-0.004438065213672626,17.3799991607666,-0.04975405736520189,4.0,1.0,3.0,0.3666666666666667,0
2026-05-05,GOOGL,388.42999267578125,0.013515962624347733,721.9102172851562,0.008022228723942426,680.8617553710938,0.012974053527471385,0.0054937339004053065,17.3799991607666,-0.04975405736520189,7.0,0.0,7.0,0.5555555555555556,1
2026-05-05,NVDA,196.5,-0.009975794891980305,721.9102172851562,0.008022228723942426,680.8617553710938,0.012974053527471385,-0.01799802361592273,17.3799991607666,-0.04975405736520189,0.0,5.0,-5.0,-0.1,1
2026-05-05,TSLA,389.3699951171875,-0.007999833304410453,721.9102172851562,0.008022228723942426,680.8617553710938,0.012974053527471385,-0.01602206202835288,17.3799991607666,-0.04975405736520189,3.0,1.0,2.0,0.1,1
2026-05-06,AMD,421.3900146484375,0.1861453669565576,731.9443359375,0.013899399692774095,695.0062255859375,0.02077436440402569,0.1722459672637835,17.389999389648438,0.0005753871901450491,0.0,0.0,0.0,0.0,0
2026-05-06,COST,995.75,-0.020336065069259224,731.9443359375,0.013899399692774095,695.0062255859375,0.02077436440402569,-0.03423546476203332,17.389999389648438,0.0005753871901450491,0.0,0.0,0.0,0.0,1
2026-05-06,GOOGL,398.0400085449219,0.024740663827064413,731.9443359375,0.013899399692774095,695.0062255859375,0.02077436440402569,0.010841264134290318,17.389999389648438,0.0005753871901450491,0.0,0.0,0.0,0.0,0
2026-05-06,NVDA,207.8300018310547,0.05765904239722497,731.9443359375,0.013899399692774095,695.0062255859375,0.02077436440402569,0.043759642704450874,17.389999389648438,0.0005753871901450491,0.0,0.0,0.0,0.0,1
2026-05-06,TSLA,398.7300109863281,0.024038873016714035,731.9443359375,0.013899399692774095,695.0062255859375,0.02077436440402569,0.01013947332393994,17.389999389648438,0.0005753871901450491,0.0,0.0,0.0,0.0,1
2026-05-07,AMD,408.4599914550781,-0.030684218286820997,729.7001342773438,-0.0030660824190705815,694.1771240234375,-0.001192941202506459,-0.027618135867750415,17.079999923706055,-0.01782630689032183,0.0,0.0,0.0,0.0,1
2026-05-07,COST,1012.0599975585938,0.016379610904939668,729.7001342773438,-0.0030660824190705815,694.1771240234375,-0.001192941202506459,0.01944569332401025,17.079999923706055,-0.01782630689032183,0.0,0.0,0.0,0.0,0
2026-05-07,GOOGL,397.989990234375,-0.0001256615151068452,729.7001342773438,-0.0030660824190705815,694.1771240234375,-0.001192941202506459,0.0029404209039637363,17.079999923706055,-0.01782630689032183,0.0,0.0,0.0,0.0,1
2026-05-07,NVDA,211.5,0.017658654364679505,729.7001342773438,-0.0030660824190705815,694.1771240234375,-0.001192941202506459,0.020724736783750086,17.079999923706055,-0.01782630689032183,0.0,0.0,0.0,0.0,1
2026-05-07,TSLA,411.7900085449219,0.03275398690529352,729.7001342773438,-0.0030660824190705815,694.1771240234375,-0.001192941202506459,0.0358200693243641,17.079999923706055,-0.01782630689032183,0.0,0.0,0.0,0.0,1
2026-05-08,AMD,455.19000244140625,0.11440535661732598,735.724609375,0.00825609701116825,710.44921875,0.023440839756069476,0.10614925960615773,17.190000534057617,0.006440316794081857,0.0,0.0,0.0,0.0,1
2026-05-08,COST,1008.7899780273438,-0.0032310530394821235,735.724609375,0.00825609701116825,710.44921875,0.023440839756069476,-0.011487150050650374,17.190000534057617,0.006440316794081857,0.0,0.0,0.0,0.0,0
2026-05-08,GOOGL,400.79998779296875,0.00706047294540979,735.724609375,0.00825609701116825,710.44921875,0.023440839756069476,-0.0011956240657584605,17.190000534057617,0.006440316794081857,0.0,0.0,0.0,0.0,0
2026-05-08,NVDA,215.1999969482422,0.01749407540540049,735.724609375,0.00825609701116825,710.44921875,0.023440839756069476,0.009237978394232238,17.190000534057617,0.006440316794081857,0.0,0.0,0.0,0.0,1
2026-05-08,TSLA,428.3500061035156,0.040214665764012114,735.724609375,0.00825609701116825,710.44921875,0.023440839756069476,0.03195856875284386,17.190000534057617,0.006440316794081857,0.0,0.0,0.0,0.0,1
2026-05-11,AMD,458.7900085449219,0.007908798708686549,737.4002685546875,0.002277563042387465,712.5069580078125,0.0028963917525772764,0.005631235666299084,18.3799991607666,0.0692262123175218,0.0,0.0,0.0,0.0,0
2026-05-11,COST,999.469970703125,-0.009238798488505728,737.4002685546875,0.002277563042387465,712.5069580078125,0.0028963917525772764,-0.011516361530893193,18.3799991607666,0.0692262123175218,2.0,1.0,1.0,0.5333333333333333,1
2026-05-11,GOOGL,388.6400146484375,-0.030339255276655375,737.4002685546875,0.002277563042387465,712.5069580078125,0.0028963917525772764,-0.03261681831904284,18.3799991607666,0.0692262123175218,0.0,1.0,-1.0,-0.2,0
2026-05-11,NVDA,219.44000244140625,0.019702628035742187,737.4002685546875,0.002277563042387465,712.5069580078125,0.0028963917525772764,0.017425064993354722,18.3799991607666,0.0692262123175218,0.0,0.0,0.0,0.0,1
2026-05-11,TSLA,445.0,0.038870068073398656,737.4002685546875,0.002277563042387465,712.5069580078125,0.0028963917525772764,0.03659250503101119,18.3799991607666,0.0692262123175218,1.0,0.0,1.0,0.2,0
2026-05-12,AMD,448.2900085449219,-0.0228862874178567,736.2831420898438,-0.0015149526145865622,706.463623046875,-0.008481790799397704,-0.021371334803270137,18.040000915527344,-0.018498273164506362,0.0,0.0,0.0,0.0,0
2026-05-12,COST,1020.0,0.020540916584449453,736.2831420898438,-0.0015149526145865622,706.463623046875,-0.008481790799397704,0.022055869199036016,18.040000915527344,-0.018498273164506362,5.0,1.0,4.0,0.31428571428571433,1
2026-05-12,GOOGL,385.2799987792969,-0.0086455736478398,736.2831420898438,-0.0015149526145865622,706.463623046875,-0.008481790799397704,-0.007130621033253237,18.040000915527344,-0.018498273164506362,2.0,2.0,0.0,0.1111111111111111,1
2026-05-12,NVDA,219.69000244140625,0.0011392635673468376,736.2831420898438,-0.0015149526145865622,706.463623046875,-0.008481790799397704,0.0026542161819334,18.040000915527344,-0.018498273164506362,1.0,4.0,-3.0,-0.05,1
2026-05-12,TSLA,429.9599914550781,-0.03379777201106038,736.2831420898438,-0.0015149526145865622,706.463623046875,-0.008481790799397704,-0.032282819396473816,18.040000915527344,-0.018498273164506362,6.0,2.0,4.0,0.3111111111111111,1
2026-05-13,AMD,445.5,-0.006223668812021521,740.4025268554688,0.00559483781461112,713.9254760742188,0.010562260792936318,-0.011818506626632641,17.8700008392334,-0.009423507076855131,0.0,0.0,0.0,0.0,1
2026-05-13,COST,1033.0799560546875,0.012823486328124911,740.4025268554688,0.00559483781461112,713.9254760742188,0.010562260792936318,0.007228648513513791,17.8700008392334,-0.009423507076855131,0.0,0.0,0.0,0.0,1
2026-05-13,GOOGL,402.6199951171875,0.045006219873416464,740.4025268554688,0.00559483781461112,713.9254760742188,0.010562260792936318,0.039411382058805344,17.8700008392334,-0.009423507076855131,0.0,0.0,0.0,0.0,0
2026-05-13,NVDA,225.8300018310547,0.027948469759273786,740.4025268554688,0.00559483781461112,713.9254760742188,0.010562260792936318,0.022353631944662666,17.8700008392334,-0.009423507076855131,0.0,0.0,0.0,0.0,1
2026-05-13,TSLA,445.2699890136719,0.035607958560938124,740.4025268554688,0.00559483781461112,713.9254760742188,0.010562260792936318,0.030013120746327004,17.8700008392334,-0.009423507076855131,0.0,0.0,0.0,0.0,0
2026-05-14,AMD,449.70001220703125,0.009427636828353014,746.2474975585938,0.0078943149045545,718.9998168945312,0.00710766178035227,0.001533321923798514,17.260000228881836,-0.0341354550477867,0.0,0.0,0.0,0.0,0
2026-05-14,COST,1041.25,0.007908433318669417,746.2474975585938,0.0078943149045545,718.9998168945312,0.00710766178035227,1.4118414114916433e-05,17.260000228881836,-0.0341354550477867,0.0,0.0,0.0,0.0,1
2026-05-14,GOOGL,401.07000732421875,-0.0038497536430539547,746.2474975585938,0.0078943149045545,718.9998168945312,0.00710766178035227,-0.011744068547608455,17.260000228881836,-0.0341354550477867,0.0,0.0,0.0,0.0,0
2026-05-14,NVDA,235.74000549316406,0.04388258239276421,746.2474975585938,0.0078943149045545,718.9998168945312,0.00710766178035227,0.03598826748820971,17.260000228881836,-0.0341354550477867,0.0,0.0,0.0,0.0,0
2026-05-14,TSLA,443.29998779296875,-0.004424284747029383,746.2474975585938,0.0078943149045545,718.9998168945312,0.00710766178035227,-0.012318599651583884,17.260000228881836,-0.0341354550477867,0.0,0.0,0.0,0.0,0
2026-05-15,AMD,424.1000061035156,-0.05692685214277915,737.2706298828125,-0.012029343756796207,708.1517944335938,-0.015087656778261405,-0.04489750838598294,18.43000030517578,0.06778679378787822,0.0,0.0,0.0,0.0,0
2026-05-15,COST,1048.949951171875,0.007394911089435796,737.2706298828125,-0.012029343756796207,708.1517944335938,-0.015087656778261405,0.019424254846232003,18.43000030517578,0.06778679378787822,0.0,0.0,0.0,0.0,1
2026-05-15,GOOGL,396.7799987792969,-0.01069640827431384,737.2706298828125,-0.012029343756796207,708.1517944335938,-0.015087656778261405,0.001332935482482367,18.43000030517578,0.06778679378787822,0.0,0.0,0.0,0.0,1
2026-05-15,NVDA,225.32000732421875,-0.04420122985552177,737.2706298828125,-0.012029343756796207,708.1517944335938,-0.015087656778261405,-0.032171886098725566,18.43000030517578,0.06778679378787822,0.0,0.0,0.0,0.0,0
2026-05-15,TSLA,422.239990234375,-0.04750732717914996,737.2706298828125,-0.012029343756796207,708.1517944335938,-0.015087656778261405,-0.035477983422353754,18.43000030517578,0.06778679378787822,0.0,0.0,0.0,0.0,0
2026-05-18,AMD,420.989990234375,-0.007333213450559373,736.751953125,-0.0007035093177317764,705.1051025390625,-0.004302314727548051,-0.006629704132827596,17.81999969482422,-0.03309824201035161,0.0,0.0,0.0,0.0,0
2026-05-18,COST,1076.469970703125,0.026235779410166193,736.751953125,-0.0007035093177317764,705.1051025390625,-0.004302314727548051,0.02693928872789797,17.81999969482422,-0.03309824201035161,0.0,0.0,0.0,0.0,1
2026-05-18,GOOGL,396.94000244140625,0.00040325536216956337,736.751953125,-0.0007035093177317764,705.1051025390625,-0.004302314727548051,0.0011067646799013398,17.81999969482422,-0.03309824201035161,0.0,0.0,0.0,0.0,0
2026-05-18,NVDA,222.32000732421875,-0.013314396868819633,736.751953125,-0.0007035093177317764,705.1051025390625,-0.004302314727548051,-0.012610887551087857,17.81999969482422,-0.03309824201035161,0.0,0.0,0.0,0.0,0
2026-05-18,TSLA,409.989990234375,-0.029011937010514632,736.751953125,-0.0007035093177317764,705.1051025390625,-0.004302314727548051,-0.028308427692782856,17.81999969482422,-0.03309824201035161,0.0,0.0,0.0,0.0,0
2026-05-19,AMD,414.04998779296875,-0.01648495831823127,731.8446044921875,-0.0066607880874933745,700.7599487304688,-0.006162420032059024,-0.009824170230737894,18.059999465942383,0.01346800085456068,0.0,0.0,0.0,0.0,1
2026-05-19,COST,1094.3199462890625,0.016581954045850722,731.8446044921875,-0.0066607880874933745,700.7599487304688,-0.006162420032059024,0.023242742133344096,18.059999465942383,0.01346800085456068,0.0,0.0,0.0,0.0,0
2026-05-19,GOOGL,387.6600036621094,-0.023378844969566215,731.8446044921875,-0.0066607880874933745,700.7599487304688,-0.006162420032059024,-0.01671805688207284,18.059999465942383,0.01346800085456068,0.0,0.0,0.0,0.0,1
2026-05-19,NVDA,220.61000061035156,-0.00769164563481417,731.8446044921875,-0.0066607880874933745,700.7599487304688,-0.006162420032059024,-0.001030857547320796,18.059999465942383,0.01346800085456068,0.0,0.0,0.0,0.0,1
2026-05-19,TSLA,404.1099853515625,-0.014341825466156255,731.8446044921875,-0.0066607880874933745,700.7599487304688,-0.006162420032059024,-0.0076810373786628805,18.059999465942383,0.01346800085456068,0.0,0.0,0.0,0.0,1
2026-05-20,AMD,447.5799865722656,0.08098055734290321,739.3452758789062,0.010248994582563453,712.3671875,0.016563787343382597,0.07073156276033976,17.440000534057617,-0.03432995294678509,0.0,0.0,0.0,0.0,1
2026-05-20,COST,1074.010009765625,-0.01855941362698388,739.3452758789062,0.010248994582563453,712.3671875,0.016563787343382597,-0.02880840820954733,17.440000534057617,-0.03432995294678509,0.0,0.0,0.0,0.0,0
2026-05-20,GOOGL,388.9100036621094,0.0032244750250003396,739.3452758789062,0.010248994582563453,712.3671875,0.016563787343382597,-0.007024519557563114,17.440000534057617,-0.03432995294678509,0.0,0.0,0.0,0.0,0
2026-05-20,NVDA,223.47000122070312,0.01296405694410474,739.3452758789062,0.010248994582563453,712.3671875,0.016563787343382597,0.0027150623615412872,17.440000534057617,-0.03432995294678509,0.0,0.0,0.0,0.0,0
2026-05-20,TSLA,417.260009765625,0.0325407064678751,739.3452758789062,0.010248994582563453,712.3671875,0.016563787343382597,0.02229171188531165,17.440000534057617,-0.03432995294678509,0.0,0.0,0.0,0.0,1
2026-05-21,AMD,449.5899963378906,0.004490839237514699,740.8114624023438,0.0019830877010671433,713.7256469726562,0.001906965251198045,0.0025077515364475556,16.760000228881836,-0.03899084199268488,0.0,0.0,0.0,0.0,1
2026-05-21,COST,1050.449951171875,-0.02193653539494611,740.8114624023438,0.0019830877010671433,713.7256469726562,0.001906965251198045,-0.023919623096013254,16.760000228881836,-0.03899084199268488,0.0,0.0,0.0,0.0,0
2026-05-21,GOOGL,387.6600036621094,-0.0032141112036964126,740.8114624023438,0.0019830877010671433,713.7256469726562,0.001906965251198045,-0.005197198904763556,16.760000228881836,-0.03899084199268488,0.0,0.0,0.0,0.0,0
2026-05-21,NVDA,219.50999450683594,-0.017720529342800773,740.8114624023438,0.0019830877010671433,713.7256469726562,0.001906965251198045,-0.019703617043867916,16.760000228881836,-0.03899084199268488,0.0,0.0,0.0,0.0,0
2026-05-21,TSLA,417.8500061035156,0.0014139776735901943,740.8114624023438,0.0019830877010671433,713.7256469726562,0.001906965251198045,-0.0005691100274769489,16.760000228881836,-0.03899084199268488,0.0,0.0,0.0,0.0,1
2026-05-22,AMD,467.510009765625,0.039858567970152414,743.7239990234375,0.003931549076803931,716.7523193359375,0.004240666390677106,0.035927018893348484,16.700000762939453,-0.003579920353401156,0.0,0.0,0.0,0.0,1
2026-05-22,COST,1028.239990234375,-0.021143283326085838,743.7239990234375,0.003931549076803931,716.7523193359375,0.004240666390677106,-0.02507483240288977,16.700000762939453,-0.003579920353401156,0.0,0.0,0.0,0.0,0
2026-05-22,GOOGL,382.9700012207031,-0.012098236591603917,743.7239990234375,0.003931549076803931,716.7523193359375,0.004240666390677106,-0.016029785668407848,16.700000762939453,-0.003579920353401156,0.0,0.0,0.0,0.0,1
2026-05-22,NVDA,215.3300018310547,-0.01904237975665879,743.7239990234375,0.003931549076803931,716.7523193359375,0.004240666390677106,-0.02297392883346272,16.700000762939453,-0.003579920353401156,0.0,0.0,0.0,0.0,0
2026-05-22,TSLA,426.010009765625,0.019528547428303344,743.7239990234375,0.003931549076803931,716.7523193359375,0.004240666390677106,0.015596998351499414,16.700000762939453,-0.003579920353401156,0.0,0.0,0.0,0.0,1
2026-05-26,AMD,493.17999267578125,0.05490787870622338,748.6613159179688,0.006638641352187502,729.4783935546875,0.01775519084548005,0.04826923735403588,16.760000228881836,0.010247141333957543,11.0,2.0,9.0,0.4,1
2026-05-26,COST,999.5,-0.027950663762672856,748.6613159179688,0.006638641352187502,729.4783935546875,0.01775519084548005,-0.03458930511486036,16.760000228881836,0.010247141333957543,1.0,0.0,1.0,0.13333333333333333,1
2026-05-26,GOOGL,386.6499938964844,0.009609088607597016,748.6613159179688,0.006638641352187502,729.4783935546875,0.01775519084548005,0.002970447255409514,16.760000228881836,0.010247141333957543,6.0,2.0,4.0,0.26,1
2026-05-26,NVDA,214.52000427246094,-0.0037616567673151025,748.6613159179688,0.006638641352187502,729.4783935546875,0.01775519084548005,-0.010400298119502605,16.760000228881836,0.010247141333957543,6.0,0.0,6.0,0.15000000000000002,0
2026-05-26,TSLA,431.3301086425781,0.012488201579770486,748.6613159179688,0.006638641352187502,729.4783935546875,0.01775519084548005,0.005849560227582984,16.760000228881836,0.010247141333957543,1.0,4.0,-3.0,-0.09166666666666667,1
2026-05-27,AMD,497.2099914550781,0.008171456342808803,748.5316162109375,-0.0001732421647460125,728.6492919921875,-0.0011365676760621835,0.008344698507554815,16.920000076293945,0.00954653014481388,5.0,1.0,4.0,0.4625,1
2026-05-27,COST,1010.3150024414062,0.010820412647730038,748.5316162109375,-0.0001732421647460125,728.6492919921875,-0.0011365676760621835,0.01099365481247605,16.920000076293945,0.00954653014481388,0.0,0.0,0.0,0.0,0
2026-05-27,GOOGL,388.9549865722656,0.005961445007544253,748.5316162109375,-0.0001732421647460125,728.6492919921875,-0.0011365676760621835,0.006134687172290265,16.920000076293945,0.00954653014481388,4.0,4.0,0.0,0.09090909090909091,1
2026-05-27,NVDA,211.35000610351562,-0.014777168123300544,748.5316162109375,-0.0001732421647460125,728.6492919921875,-0.0011365676760621835,-0.014603925958554531,16.920000076293945,0.00954653014481388,3.0,2.0,1.0,0.13333333333333336,1
2026-05-27,TSLA,440.07501220703125,0.02027427111910618,748.5316162109375,-0.0001732421647460125,728.6492919921875,-0.0011365676760621835,0.020447513283852192,16.920000076293945,0.00954653014481388,4.0,1.0,3.0,0.26666666666666666,0
2026-05-28,AMD,510.6499938964844,0.027030837417555187,752.6609497070312,0.005516578600909927,734.79248046875,0.008430926296197239,0.02151425881664526,16.09000015258789,-0.04905436879216918,8.0,5.0,3.0,0.23888888888888887,1
2026-05-28,COST,1004.77001953125,-0.005488370356529271,752.6609497070312,0.005516578600909927,734.79248046875,0.008430926296197239,-0.011004948957439198,16.09000015258789,-0.04905436879216918,11.0,3.0,8.0,0.3588235294117647,0
2026-05-28,GOOGL,388.99749755859375,0.00010929538840143138,752.6609497070312,0.005516578600909927,734.79248046875,0.008430926296197239,-0.005407283212508496,16.09000015258789,-0.04905436879216918,5.0,6.0,-1.0,0.15000000000000002,0
2026-05-28,NVDA,211.84500122070312,0.002342063415626594,752.6609497070312,0.005516578600909927,734.79248046875,0.008430926296197239,-0.003174515185283333,16.09000015258789,-0.04905436879216918,10.0,3.0,7.0,0.24,0
2026-05-28,TSLA,440.0199890136719,-0.00012503139654174156,752.6609497070312,0.005516578600909927,734.79248046875,0.008430926296197239,-0.005641609997451669,16.09000015258789,-0.04905436879216918,10.0,5.0,5.0,0.11578947368421054,0
2026-05-29,AMD,516.0999755859375,0.010672636354829512,754.5361328125,0.0024914048034492264,737.49951171875,0.0036840758744198787,0.008181231551380286,15.319999694824219,-0.04785583905913304,0.0,0.0,0.0,0.0,0
2026-05-29,COST,954.8019409179688,-0.049730861432940254,754.5361328125,0.0024914048034492264,737.49951171875,0.0036840758744198787,-0.05222226623638948,15.319999694824219,-0.04785583905913304,0.0,0.0,0.0,0.0,0
2026-05-29,GOOGL,380.1129455566406,-0.02283961222813491,754.5361328125,0.0024914048034492264,737.49951171875,0.0036840758744198787,-0.025331017031584135,15.319999694824219,-0.04785583905913304,0.0,0.0,0.0,0.0,0
2026-05-29,NVDA,210.8942108154297,-0.0044881418008201335,754.5361328125,0.0024914048034492264,737.49951171875,0.0036840758744198787,-0.00697954660426936,15.319999694824219,-0.04785583905913304,0.0,0.0,0.0,0.0,1
2026-05-29,TSLA,435.7900085449219,-0.009613155252859551,754.5361328125,0.0024914048034492264,737.49951171875,0.0036840758744198787,-0.012104560056308777,15.319999694824219,-0.04785583905913304,0.0,0.0,0.0,0.0,0
2026-06-01,AMD,510.1300048828125,-0.011567469454628831,756.5908203125,0.0027231134609038143,741.9246826171875,0.00600023569930852,-0.014290582915532646,16.049999237060547,0.04765010161736205,0.0,0.0,0.0,0.0,1
2026-06-01,COST,944.608154296875,-0.0106763362999589,756.5908203125,0.0027231134609038143,741.9246826171875,0.00600023569930852,-0.013399449760862714,16.049999237060547,0.04765010161736205,1.0,0.0,1.0,1.0,1
2026-06-01,GOOGL,376.14532470703125,-0.010438005061361832,756.5908203125,0.0027231134609038143,741.9246826171875,0.00600023569930852,-0.013161118522265647,16.049999237060547,0.04765010161736205,0.0,1.0,-1.0,-0.2,0
2026-06-01,NVDA,224.09881591796875,0.0626124588791841,756.5908203125,0.0027231134609038143,741.9246826171875,0.00600023569930852,0.05988934541828028,16.049999237060547,0.04765010161736205,8.0,0.0,8.0,0.95,0
2026-06-01,TSLA,415.8800048828125,-0.045687150397476395,756.5908203125,0.0027231134609038143,741.9246826171875,0.00600023569930852,-0.04841026385838021,16.049999237060547,0.04765010161736205,2.0,0.0,2.0,1.0,1
2026-06-02,AMD,521.5399780273438,0.022366794807830104,757.6182250976562,0.0013579397972762752,745.3408813476562,0.004604508800567064,0.02100885501055383,15.770000457763672,-0.017445407639044563,0.0,0.0,0.0,0.0,1
2026-06-02,COST,952.7552490234375,0.008624840564315006,757.6182250976562,0.0013579397972762752,745.3408813476562,0.004604508800567064,0.007266900767038731,15.770000457763672,-0.017445407639044563,0.0,0.0,0.0,0.0,1
2026-06-02,GOOGL,361.6340026855469,-0.03857903067859958,757.6182250976562,0.0013579397972762752,745.3408813476562,0.004604508800567064,-0.039936970475875855,15.770000457763672,-0.017445407639044563,2.0,2.0,0.0,0.2,0
2026-06-02,NVDA,222.56060791015625,-0.006863972045151545,757.6182250976562,0.0013579397972762752,745.3408813476562,0.004604508800567064,-0.00822191184242782,15.770000457763672,-0.017445407639044563,5.0,0.0,5.0,1.0,0
2026-06-02,TSLA,423.739990234375,0.018899647156100485,757.6182250976562,0.0013579397972762752,745.3408813476562,0.004604508800567064,0.01754170735882421,15.770000457763672,-0.017445407639044563,0.0,0.0,0.0,0.0,0
2026-06-03,AMD,542.52001953125,0.04022710125359996,752.3018798828125,-0.00701718232049986,743.39306640625,-0.002613320951729392,0.04724428357409982,16.059999465942383,0.01838928343441748,0.0,0.0,0.0,0.0,0
2026-06-03,COST,960.30322265625,0.0079222587758494,752.3018798828125,-0.00701718232049986,743.39306640625,-0.002613320951729392,0.01493944109634926,16.059999465942383,0.01838928343441748,0.0,0.0,0.0,0.0,1
2026-06-03,GOOGL,358.77569580078125,-0.007903866515702074,752.3018798828125,-0.00701718232049986,743.39306640625,-0.002613320951729392,-0.0008866841952022142,16.059999465942383,0.01838928343441748,1.0,0.0,1.0,0.3333333333333333,1
2026-06-03,NVDA,214.5,-0.03621758578863232,752.3018798828125,-0.00701718232049986,743.39306640625,-0.002613320951729392,-0.029200403468132463,16.059999465942383,0.01838928343441748,2.0,0.0,2.0,1.0,1
2026-06-03,TSLA,423.70001220703125,-9.43456559803213e-05,752.3018798828125,-0.00701718232049986,743.39306640625,-0.002613320951729392,0.006922836664519538,16.059999465942383,0.01838928343441748,1.0,0.0,1.0,1.0,0
2026-06-04,AMD,523.2000122070312,-0.035611602574429746,755.1445922851562,0.0037786857621391334,739.7969970703125,-0.004837372714978083,-0.03939028833656888,15.399999618530273,-0.04109588227644323,0.0,0.0,0.0,0.0,0
2026-06-04,COST,970.8064575195312,0.010937414990890737,755.1445922851562,0.0037786857621391334,739.7969970703125,-0.004837372714978083,0.0071587292287516036,15.399999618530273,-0.04109588227644323,0.0,0.0,0.0,0.0,0
2026-06-04,GOOGL,371.96783447265625,0.03676987830078726,755.1445922851562,0.0037786857621391334,739.7969970703125,-0.004837372714978083,0.03299119253864813,15.399999618530273,-0.04109588227644323,0.0,0.0,0.0,0.0,0
2026-06-04,NVDA,218.66000366210938,0.01939395646671027,755.1445922851562,0.0037786857621391334,739.7969970703125,-0.004837372714978083,0.015615270704571138,15.399999618530273,-0.04109588227644323,2.0,0.0,2.0,1.0,0
2026-06-04,TSLA,418.45001220703125,-0.012390842220308285,755.1445922851562,0.0037786857621391334,739.7969970703125,-0.004837372714978083,-0.016169527982447418,15.399999618530273,-0.04109588227644323,1.0,0.0,1.0,0.8,0
2026-06-05,AMD,466.3800048828125,-0.10860092889626116,735.65478515625,-0.025809371248925683,704.2860107421875,-0.04800098739080161,-0.08279155764733548,21.510000228881836,0.3967532962143463,0.0,0.0,0.0,0.0,1
2026-06-05,COST,970.3272705078125,-0.000493596852397471,735.65478515625,-0.025809371248925683,704.2860107421875,-0.04800098739080161,0.025315774396528212,21.510000228881836,0.3967532962143463,1.0,0.0,1.0,0.2,1
2026-06-05,GOOGL,368.30999755859375,-0.009833745219524848,735.65478515625,-0.025809371248925683,704.2860107421875,-0.04800098739080161,0.015975626029400836,21.510000228881836,0.3967532962143463,0.0,0.0,0.0,0.0,0
2026-06-05,NVDA,205.10000610351562,-0.062014073591381225,735.65478515625,-0.025809371248925683,704.2860107421875,-0.04800098739080161,-0.03620470234245554,21.510000228881836,0.3967532962143463,0.0,0.0,0.0,0.0,1
2026-06-05,TSLA,391.0,-0.06559926253138726,735.65478515625,-0.025809371248925683,704.2860107421875,-0.04800098739080161,-0.039789891282461576,21.510000228881836,0.3967532962143463,0.0,1.0,-1.0,-0.1,1
2026-06-08,AMD,490.3299865722656,0.05135293417107589,737.3204345703125,0.002264172608771542,715.283935546875,0.015615708159669062,0.04908876156230435,18.920000076293945,-0.12040911785348352,0.0,0.0,0.0,0.0,0
2026-06-08,COST,973.2026977539062,0.0029633581715053925,737.3204345703125,0.002264172608771542,715.283935546875,0.015615708159669062,0.0006991855627338506,18.920000076293945,-0.12040911785348352,2.0,0.0,2.0,0.17500000000000002,0
2026-06-08,GOOGL,363.30999755859375,-0.013575520711203493,737.3204345703125,0.002264172608771542,715.283935546875,0.015615708159669062,-0.015839693319975034,18.920000076293945,-0.12040911785348352,0.0,0.0,0.0,0.0,1
2026-06-08,NVDA,208.63999938964844,0.017259839984335112,737.3204345703125,0.002264172608771542,715.283935546875,0.015615708159669062,0.01499566737556357,18.920000076293945,-0.12040911785348352,0.0,0.0,0.0,0.0,0
2026-06-08,TSLA,408.95001220703125,0.04590795960877547,737.3204345703125,0.002264172608771542,715.283935546875,0.015615708159669062,0.04364378700000393,18.920000076293945,-0.12040911785348352,3.0,0.0,3.0,0.9333333333333332,0
2026-06-09,AMD,475.510009765625,-0.03022449618111711,735.1560668945312,-0.0029354505508077944,707.052978515625,-0.01150725833784727,-0.027289045630309317,19.8700008392334,0.05021145661250648,0.0,0.0,0.0,0.0,0
2026-06-09,COST,967.052490234375,-0.006319554532396521,735.1560668945312,-0.0029354505508077944,707.052978515625,-0.01150725833784727,-0.0033841039815887264,19.8700008392334,0.05021145661250648,0.0,0.0,0.0,0.0,1
2026-06-09,GOOGL,364.260009765625,0.002614880442088685,735.1560668945312,-0.0029354505508077944,707.052978515625,-0.01150725833784727,0.0055503309928964795,19.8700008392334,0.05021145661250648,0.0,0.0,0.0,0.0,0
2026-06-09,NVDA,208.19000244140625,-0.0021568105327770537,735.1560668945312,-0.0029354505508077944,707.052978515625,-0.01150725833784727,0.0007786400180307407,19.8700008392334,0.05021145661250648,2.0,0.0,2.0,0.9,0
2026-06-09,TSLA,396.67999267578125,-0.03000371479396924,735.1560668945312,-0.0029354505508077944,707.052978515625,-0.01150725833784727,-0.027068264243161444,19.8700008392334,0.05021145661250648,0.0,0.0,0.0,0.0,0
2026-06-10,AMD,452.3999938964844,-0.04860048241788084,723.56591796875,-0.015765562508027298,692.9285278320312,-0.019976509699805467,-0.032834919909853544,22.219999313354492,0.11826866506623457,0.0,0.0,0.0,0.0,1
2026-06-10,COST,981.8090209960938,0.0152592862442682,723.56591796875,-0.015765562508027298,692.9285278320312,-0.019976509699805467,0.031024848752295497,22.219999313354492,0.11826866506623457,0.0,0.0,0.0,0.0,0
2026-06-10,GOOGL,356.3800048828125,-0.021632912402002935,723.56591796875,-0.015765562508027298,692.9285278320312,-0.019976509699805467,-0.0058673498939756374,22.219999313354492,0.11826866506623457,0.0,0.0,0.0,0.0,1
2026-06-10,NVDA,200.4199981689453,-0.03732169739825886,723.56591796875,-0.015765562508027298,692.9285278320312,-0.019976509699805467,-0.02155613489023156,22.219999313354492,0.11826866506623457,1.0,0.0,1.0,0.2,1
2026-06-10,TSLA,381.5899963378906,-0.038040729596927614,723.56591796875,-0.015765562508027298,692.9285278320312,-0.019976509699805467,-0.022275167088900316,22.219999313354492,0.11826866506623457,0.0,1.0,-1.0,-0.8,1
2026-06-11,AMD,488.45001220703125,0.07968616002854234,735.8642578125,0.016996847886747934,716.332763671875,0.03377582954055702,0.0626893121417944,19.440000534057617,-0.12511246018023325,0.0,0.0,0.0,0.0,1
2026-06-11,COST,974.1411743164062,-0.0078099167105921685,735.8642578125,0.016996847886747934,716.332763671875,0.03377582954055702,-0.024806764597340103,19.440000534057617,-0.12511246018023325,0.0,0.0,0.0,0.0,1
2026-06-11,GOOGL,357.7699890136719,0.003900286525099661,735.8642578125,0.016996847886747934,716.332763671875,0.03377582954055702,-0.013096561361648273,19.440000534057617,-0.12511246018023325,0.0,0.0,0.0,0.0,1
2026-06-11,NVDA,204.8699951171875,0.022203357892913722,735.8642578125,0.016996847886747934,716.332763671875,0.03377582954055702,0.005206510006165788,19.440000534057617,-0.12511246018023325,0.0,0.0,0.0,0.0,1
2026-06-11,TSLA,399.1499938964844,0.046017971453959916,735.8642578125,0.016996847886747934,716.332763671875,0.03377582954055702,0.02902112356721198,19.440000534057617,-0.12511246018023325,1.0,0.0,1.0,0.1,1
2026-06-12,AMD,511.57000732421875,0.04733339039694395,739.843994140625,0.005408247901529384,720.5481567382812,0.005884685554236491,0.04192514249541457,17.68000030517578,-0.09053498871043908,0.0,0.0,0.0,0.0,1
2026-06-12,COST,980.7905883789062,0.006825924453061072,739.843994140625,0.005408247901529384,720.5481567382812,0.005884685554236491,0.001417676551531688,17.68000030517578,-0.09053498871043908,0.0,0.0,0.0,0.0,0
2026-06-12,GOOGL,359.67999267578125,0.005338635773713296,739.843994140625,0.005408247901529384,720.5481567382812,0.005884685554236491,-6.961212781608772e-05,17.68000030517578,-0.09053498871043908,0.0,0.0,0.0,0.0,1
2026-06-12,NVDA,205.19000244140625,0.0015620019126554308,739.843994140625,0.005408247901529384,720.5481567382812,0.005884685554236491,-0.003846245988873953,17.68000030517578,-0.09053498871043908,3.0,0.0,3.0,0.9333333333333332,1
2026-06-12,TSLA,406.42999267578125,0.018238754580025995,739.843994140625,0.005408247901529384,720.5481567382812,0.005884685554236491,0.012830506678496612,17.68000030517578,-0.09053498871043908,0.0,0.0,0.0,0.0,1
2026-06-15,AMD,547.260009765625,0.06976562724637403,752.890380859375,0.01763396989375332,743.1832885742188,0.03141376689991193,0.05213165735262071,16.200000762939453,-0.08371037990327757,1.0,0.0,1.0,1.0,0
2026-06-15,COST,977.895263671875,-0.002952031495139784,752.890380859375,0.01763396989375332,743.1832885742188,0.03141376689991193,-0.020586001388893105,16.200000762939453,-0.08371037990327757,0.0,0.0,0.0,0.0,1
2026-06-15,GOOGL,369.3500061035156,0.02688504677670811,752.890380859375,0.01763396989375332,743.1832885742188,0.03141376689991193,0.00925107688295479,16.200000762939453,-0.08371037990327757,0.0,0.0,0.0,0.0,1
2026-06-15,NVDA,212.4499969482422,0.03538181402824003,752.890380859375,0.01763396989375332,743.1832885742188,0.03141376689991193,0.017747844134486712,16.200000762939453,-0.08371037990327757,0.0,0.0,0.0,0.0,0
2026-06-15,TSLA,411.1499938964844,0.011613319158924273,752.890380859375,0.01763396989375332,743.1832885742188,0.03141376689991193,-0.006020650734829047,16.200000762939453,-0.08371037990327757,0.0,1.0,-1.0,-0.9,0
2026-06-16,AMD,507.2900085449219,-0.07303658317336414,748.4019775390625,-0.005961562844234103,729.0587768554688,-0.019005421591015037,-0.06707502032913004,16.40999984741211,0.012962905838441063,0.0,0.0,0.0,0.0,1
2026-06-16,COST,985.11376953125,0.00738167585787286,748.4019775390625,-0.005961562844234103,729.0587768554688,-0.019005421591015037,0.013343238702106963,16.40999984741211,0.012962905838441063,0.0,0.0,0.0,0.0,0
2026-06-16,GOOGL,373.25,0.010559073594251789,748.4019775390625,-0.005961562844234103,729.0587768554688,-0.019005421591015037,0.01652063643848589,16.40999984741211,0.012962905838441063,0.0,0.0,0.0,0.0,0
2026-06-16,NVDA,207.41000366210938,-0.023723197733726886,748.4019775390625,-0.005961562844234103,729.0587768554688,-0.019005421591015037,-0.017761634889492783,16.40999984741211,0.012962905838441063,7.0,0.0,7.0,0.7000000000000001,0
2026-06-16,TSLA,404.6600036621094,-0.015784969793794956,748.4019775390625,-0.005961562844234103,729.0587768554688,-0.019005421591015037,-0.009823406949560853,16.40999984741211,0.012962905838441063,1.0,1.0,0.0,-0.10000000000000003,0
2026-06-17,AMD,512.47998046875,0.010230778916215488,739.0560302734375,-0.012487870885051433,721.7168579101562,-0.010070407460121666,0.02271864980126692,18.440000534057617,0.12370510088491216,0.0,0.0,0.0,0.0,1
2026-06-17,COST,964.0572509765625,-0.021374707374871904,739.0560302734375,-0.012487870885051433,721.7168579101562,-0.010070407460121666,-0.008886836489820471,18.440000534057617,0.12370510088491216,1.0,0.0,1.0,0.2,0
2026-06-17,GOOGL,363.7900085449219,-0.0253449201743553,739.0560302734375,-0.012487870885051433,721.7168579101562,-0.010070407460121666,-0.012857049289303868,18.440000534057617,0.12370510088491216,0.0,0.0,0.0,0.0,1
2026-06-17,NVDA,204.64999389648438,-0.013307023368657411,739.0560302734375,-0.012487870885051433,721.7168579101562,-0.010070407460121666,-0.0008191524836059783,18.440000534057617,0.12370510088491216,1.0,0.0,1.0,1.0,1
2026-06-17,TSLA,396.3800048828125,-0.02046161890071707,739.0560302734375,-0.012487870885051433,721.7168579101562,-0.010070407460121666,-0.007973748015665638,18.440000534057617,0.12370510088491216,0.0,0.0,0.0,0.0,1
2026-06-18,AMD,537.3699951171875,0.04856777941973722,746.739990234375,0.010396992441959574,739.8070068359375,0.02506543768170255,0.03817078697777765,16.399999618530273,-0.11062911369007722,0.0,0.0,0.0,0.0,1
2026-06-18,COST,949.939697265625,-0.014643895574289578,746.739990234375,0.010396992441959574,739.8070068359375,0.02506543768170255,-0.025040888016249152,16.399999618530273,-0.11062911369007722,0.0,0.0,0.0,0.0,0
2026-06-18,GOOGL,368.0299987792969,0.011655048612615904,746.739990234375,0.010396992441959574,739.8070068359375,0.02506543768170255,0.0012580561706563298,16.399999618530273,-0.11062911369007722,0.0,0.0,0.0,0.0,0
2026-06-18,NVDA,210.69000244140625,0.029513846689763534,746.739990234375,0.010396992441959574,739.8070068359375,0.02506543768170255,0.01911685424780396,16.399999618530273,-0.11062911369007722,0.0,0.0,0.0,0.0,0
2026-06-18,TSLA,400.489990234375,0.010368800900483421,746.739990234375,0.010396992441959574,739.8070068359375,0.02506543768170255,-2.8191541476152437e-05,16.399999618530273,-0.11062911369007722,0.0,0.0,0.0,0.0,1
2026-06-22,AMD,551.6300048828125,0.026536669138951918,744.3900146484375,-0.003146979693962715,737.9500122070312,-0.002510106841037363,0.029683648832914633,17.280000686645508,0.0536586029624615,0.0,0.0,0.0,0.0,0
2026-06-22,COST,949.8397827148438,-0.00010517988780645027,744.3900146484375,-0.003146979693962715,737.9500122070312,-0.002510106841037363,0.0030417998061562646,17.280000686645508,0.0536586029624615,0.0,0.0,0.0,0.0,1
2026-06-22,GOOGL,349.67999267578125,-0.04986008250517615,744.3900146484375,-0.003146979693962715,737.9500122070312,-0.002510106841037363,-0.046713102811213436,17.280000686645508,0.0536586029624615,0.0,2.0,-2.0,-0.9,0
2026-06-22,NVDA,208.64999389648438,-0.00968251232276296,744.3900146484375,-0.003146979693962715,737.9500122070312,-0.002510106841037363,-0.006535532628800245,17.280000686645508,0.0536586029624615,8.0,0.0,8.0,0.9,0
2026-06-22,TSLA,405.04998779296875,0.011386046267785943,744.3900146484375,-0.003146979693962715,737.9500122070312,-0.002510106841037363,0.014533025961748658,17.280000686645508,0.0536586029624615,0.0,6.0,-6.0,-0.9333333333333332,0
2026-06-23,AMD,519.8499755859375,-0.05761113249020289,733.5800170898438,-0.014521954010491611,713.6500244140625,-0.03292904314791367,-0.043089178479711276,19.489999771118164,0.1278934604545825,0.0,0.0,0.0,0.0,0
2026-06-23,COST,956.1597900390625,0.0066537614440140835,733.5800170898438,-0.014521954010491611,713.6500244140625,-0.03292904314791367,0.021175715454505695,19.489999771118164,0.1278934604545825,0.0,0.0,0.0,0.0,1
2026-06-23,GOOGL,346.1300048828125,-0.01015210440209613,733.5800170898438,-0.014521954010491611,713.6500244140625,-0.03292904314791367,0.004369849608395482,19.489999771118164,0.1278934604545825,1.0,0.0,1.0,0.8,0
2026-06-23,NVDA,200.0399932861328,-0.04126528091164561,733.5800170898438,-0.014521954010491611,713.6500244140625,-0.03292904314791367,-0.026743326901153996,19.489999771118164,0.1278934604545825,4.0,0.0,4.0,1.0,0
2026-06-23,TSLA,381.6099853515625,-0.05786940661108486,733.5800170898438,-0.014521954010491611,713.6500244140625,-0.03292904314791367,-0.04334745260059325,19.489999771118164,0.1278934604545825,3.0,5.0,-2.0,-0.275,0
2026-06-24,AMD,519.739990234375,-0.00021157133159144248,733.239990234375,-0.0004635170636431152,710.6199951171875,-0.00424581964999271,0.0002519457320516727,18.6299991607666,-0.044125224240688765,0.0,0.0,0.0,0.0,1
2026-06-24,COST,959.5643920898438,0.0035607040645813104,733.239990234375,-0.0004635170636431152,710.6199951171875,-0.00424581964999271,0.004024221128224426,18.6299991607666,-0.044125224240688765,0.0,0.0,0.0,0.0,0
2026-06-24,GOOGL,345.2900085449219,-0.0024268232341632112,733.239990234375,-0.0004635170636431152,710.6199951171875,-0.00424581964999271,-0.001963306170520096,18.6299991607666,-0.044125224240688765,0.0,0.0,0.0,0.0,0
2026-06-24,NVDA,199.0,-0.00519892681982459,733.239990234375,-0.0004635170636431152,710.6199951171875,-0.00424581964999271,-0.0047354097561814745,18.6299991607666,-0.044125224240688765,0.0,0.0,0.0,0.0,0
2026-06-24,TSLA,375.5299987792969,-0.0159324619523894,733.239990234375,-0.0004635170636431152,710.6199951171875,-0.00424581964999271,-0.015468944888746283,18.6299991607666,-0.044125224240688765,0.0,2.0,-2.0,-1.0,0
2026-06-25,AMD,532.5700073242188,0.024685452978244093,734.2999877929688,0.0014456352254532678,716.3800048828125,0.008105611726665796,0.023239817752790826,18.889999389648438,0.013955997884818938,0.0,0.0,0.0,0.0,0
2026-06-25,COST,940.7442626953125,-0.01961320110424558,734.2999877929688,0.0014456352254532678,716.3800048828125,0.008105611726665796,-0.02105883632969885,18.889999389648438,0.013955997884818938,0.0,0.0,0.0,0.0,1
2026-06-25,GOOGL,343.7099914550781,-0.0045759131476235115,734.2999877929688,0.0014456352254532678,716.3800048828125,0.008105611726665796,-0.006021548373076779,18.889999389648438,0.013955997884818938,0.0,0.0,0.0,0.0,0
2026-06-25,NVDA,195.74000549316406,-0.016381881943899224,734.2999877929688,0.0014456352254532678,716.3800048828125,0.008105611726665796,-0.01782751716935249,18.889999389648438,0.013955997884818938,0.0,0.0,0.0,0.0,0
2026-06-25,TSLA,375.1199951171875,-0.00109180002514353,734.2999877929688,0.0014456352254532678,716.3800048828125,0.008105611726665796,-0.002537435250596798,18.889999389648438,0.013955997884818938,1.0,2.0,-1.0,-0.20000000000000004,1
2026-06-26,AMD,521.5800170898438,-0.020635766346647655,728.989990234375,-0.007231373616869652,706.52001953125,-0.013763624451209266,-0.013404392729778003,18.40999984741211,-0.025410246572022843,0.0,0.0,0.0,0.0,1
2026-06-26,COST,951.0279541015625,0.010931442065653885,728.989990234375,-0.007231373616869652,706.52001953125,-0.013763624451209266,0.018162815682523537,18.40999984741211,-0.025410246572022843,1.0,0.0,1.0,0.2,0
2026-06-26,GOOGL,337.3900146484375,-0.018387527170465212,728.989990234375,-0.007231373616869652,706.52001953125,-0.013763624451209266,-0.01115615355359556,18.40999984741211,-0.025410246572022843,0.0,0.0,0.0,0.0,1
2026-06-26,NVDA,192.52999877929688,-0.016399339040476746,728.989990234375,-0.007231373616869652,706.52001953125,-0.013763624451209266,-0.009167965423607094,18.40999984741211,-0.025410246572022843,0.0,0.0,0.0,0.0,1
2026-06-26,TSLA,379.7099914550781,0.01223607484974698,728.989990234375,-0.007231373616869652,706.52001953125,-0.013763624451209266,0.019467448466616633,18.40999984741211,-0.025410246572022843,1.0,0.0,1.0,0.3,1
2026-06-29,AMD,539.489990234375,0.0343379204680041,741.0,0.016474862380159383,724.0800170898438,0.024854210883145544,0.01786305808784472,17.649999618530273,-0.04128192477897652,0.0,0.0,0.0,0.0,1
2026-06-29,COST,945.17724609375,-0.006151983212038914,741.0,0.016474862380159383,724.0800170898438,0.024854210883145544,-0.022626845592198297,17.649999618530273,-0.04128192477897652,0.0,0.0,0.0,0.0,0
2026-06-29,GOOGL,353.6499938964844,0.04819342168436691,741.0,0.016474862380159383,724.0800170898438,0.024854210883145544,0.03171855930420753,17.649999618530273,-0.04128192477897652,0.0,0.0,0.0,0.0,1
2026-06-29,NVDA,194.97000122070312,0.012673362368860186,741.0,0.016474862380159383,724.0800170898438,0.024854210883145544,-0.003801500011299197,17.649999618530273,-0.04128192477897652,2.0,0.0,2.0,1.0,1
2026-06-29,TSLA,411.8399963378906,0.08461722263269356,741.0,0.016474862380159383,724.0800170898438,0.024854210883145544,0.06814236025253417,17.649999618530273,-0.04128192477897652,1.0,3.0,-2.0,-0.5,1
2026-06-30,AMD,580.9099731445312,0.07677618428501676,746.77001953125,0.007786800986842035,736.4000244140625,0.017014704222517052,0.06898938329817472,16.450000762939453,-0.06798860518563254,1.0,0.0,1.0,1.0,0
2026-06-30,COST,933.9849853515625,-0.011841441156611787,746.77001953125,0.007786800986842035,736.4000244140625,0.017014704222517052,-0.019628242143453822,16.450000762939453,-0.06798860518563254,0.0,0.0,0.0,0.0,0
2026-06-30,GOOGL,357.3699951171875,0.010518878226792872,746.77001953125,0.007786800986842035,736.4000244140625,0.017014704222517052,0.0027320772399508364,16.450000762939453,-0.06798860518563254,0.0,0.0,0.0,0.0,1
2026-06-30,NVDA,200.08999633789062,0.026260425117358155,746.77001953125,0.007786800986842035,736.4000244140625,0.017014704222517052,0.01847362413051612,16.450000762939453,-0.06798860518563254,2.0,0.0,2.0,0.6,0
2026-06-30,TSLA,420.6000061035156,0.02127042017171621,746.77001953125,0.007786800986842035,736.4000244140625,0.017014704222517052,0.013483619184874174,16.450000762939453,-0.06798860518563254,0.0,0.0,0.0,0.0,1
2026-07-01,AMD,540.8800048828125,-0.06890907388804501,745.760009765625,-0.001352504438058455,725.1699829101562,-0.015249920059198452,-0.06755656944998656,16.59000015258789,0.008510600799718215,0.0,0.0,0.0,0.0,0
2026-07-01,COST,923.2021484375,-0.011544978862806587,745.760009765625,-0.001352504438058455,725.1699829101562,-0.015249920059198452,-0.010192474424748132,16.59000015258789,0.008510600799718215,0.0,1.0,-1.0,-0.1,1
2026-07-01,GOOGL,361.2099914550781,0.010745155973800768,745.760009765625,-0.001352504438058455,725.1699829101562,-0.015249920059198452,0.012097660411859223,16.59000015258789,0.008510600799718215,0.0,0.0,0.0,0.0,0
2026-07-01,NVDA,197.5800018310547,-0.012544327816355838,745.760009765625,-0.001352504438058455,725.1699829101562,-0.015249920059198452,-0.011191823378297383,16.59000015258789,0.008510600799718215,2.0,0.0,2.0,1.0,0
2026-07-01,TSLA,425.29998779296875,0.011174468904540102,745.760009765625,-0.001352504438058455,725.1699829101562,-0.015249920059198452,0.012526973342598557,16.59000015258789,0.008510600799718215,0.0,1.0,-1.0,-0.8,0
2026-07-02,AMD,517.8200073242188,-0.0426342208076077,744.780029296875,-0.001314069480687241,712.5999755859375,-0.017333877050142776,-0.04132015132692046,16.149999618530273,-0.026522033153145053,0.0,1.0,-1.0,-1.0,1
2026-07-02,COST,950.1593017578125,0.029199621519443886,744.780029296875,-0.001314069480687241,712.5999755859375,-0.017333877050142776,0.030513691000131127,16.149999618530273,-0.026522033153145053,0.0,0.0,0.0,0.0,0
2026-07-02,GOOGL,359.9100036621094,-0.0035989807140492935,744.780029296875,-0.001314069480687241,712.5999755859375,-0.017333877050142776,-0.0022849112333620525,16.149999618530273,-0.026522033153145053,1.0,0.0,1.0,0.2,1
2026-07-02,NVDA,194.8300018310547,-0.013918412665829716,744.780029296875,-0.001314069480687241,712.5999755859375,-0.017333877050142776,-0.012604343185142475,16.149999618530273,-0.026522033153145053,1.0,0.0,1.0,0.7,1
2026-07-02,TSLA,393.45001220703125,-0.07488825887632455,744.780029296875,-0.001314069480687241,712.5999755859375,-0.017333877050142776,-0.07357418939563731,16.149999618530273,-0.026522033153145053,7.0,3.0,4.0,0.48,1
2026-07-06,AMD,552.0499877929688,0.06610401294772261,751.280029296875,0.008727409093039817,722.8200073242188,0.014341891788415717,0.057376603854682795,15.569999694824219,-0.035913308817702494,8.0,0.0,8.0,0.825,0
2026-07-06,COST,948.7415771484375,-0.001492091491134384,751.280029296875,0.008727409093039817,722.8200073242188,0.014341891788415717,-0.010219500584174201,15.569999694824219,-0.035913308817702494,0.0,1.0,-1.0,-0.1,0
2026-07-06,GOOGL,366.4599914550781,0.018198960090917593,751.280029296875,0.008727409093039817,722.8200073242188,0.014341891788415717,0.009471550997877776,15.569999694824219,-0.035913308817702494,0.0,0.0,0.0,0.0,1
2026-07-06,NVDA,195.5500030517578,0.0036955356666652506,751.280029296875,0.008727409093039817,722.8200073242188,0.014341891788415717,-0.005031873426374567,15.569999694824219,-0.035913308817702494,2.0,0.0,2.0,0.9,1
2026-07-06,TSLA,419.7699890136719,0.06689535135353153,751.280029296875,0.008727409093039817,722.8200073242188,0.014341891788415717,0.05816794226049171,15.569999694824219,-0.035913308817702494,0.0,0.0,0.0,0.0,0
2026-07-07,AMD,516.1099853515625,-0.06510280452154371,747.7100219726562,-0.004751899671231685,709.4299926757812,-0.0185246873533641,-0.060350904850312026,16.1299991607666,0.035966568845119395,0.0,4.0,-4.0,-0.6,1
2026-07-07,COST,945.9959716796875,-0.0028939444996205488,747.7100219726562,-0.004751899671231685,709.4299926757812,-0.0185246873533641,0.0018579551716111364,16.1299991607666,0.035966568845119395,0.0,4.0,-4.0,-0.275,1
2026-07-07,GOOGL,367.0299987792969,0.0015554421697043797,747.7100219726562,-0.004751899671231685,709.4299926757812,-0.0185246873533641,0.006307341840936065,16.1299991607666,0.035966568845119395,0.0,0.0,0.0,0.0,0
2026-07-07,NVDA,196.92999267578125,0.007056965494693257,747.7100219726562,-0.004751899671231685,709.4299926757812,-0.0185246873533641,0.011808865165924942,16.1299991607666,0.035966568845119395,3.0,0.0,3.0,0.7333333333333334,1
2026-07-07,TSLA,402.8999938964844,-0.04018866417017264,747.7100219726562,-0.004751899671231685,709.4299926757812,-0.0185246873533641,-0.035436764498940954,16.1299991607666,0.035966568845119395,0.0,0.0,0.0,0.0,0
2026-07-08,AMD,517.4099731445312,0.0025188193018261806,745.4000244140625,-0.0030894297130047432,711.4400024414062,0.0028332742996159954,0.005608249014830924,16.899999618530273,0.0477371666352322,2.0,0.0,2.0,0.5,1
2026-07-08,COST,951.6170043945312,0.005941920349685104,745.4000244140625,-0.0030894297130047432,711.4400024414062,0.0028332742996159954,0.009031350062689847,16.899999618530273,0.0477371666352322,3.0,4.0,-1.0,-0.037500000000000006,0
2026-07-08,GOOGL,361.9200134277344,-0.013922527773091553,745.4000244140625,-0.0030894297130047432,711.4400024414062,0.0028332742996159954,-0.01083309806008681,16.899999618530273,0.0477371666352322,0.0,0.0,0.0,0.0,0
2026-07-08,NVDA,204.1199951171875,0.03651044893523969,745.4000244140625,-0.0030894297130047432,711.4400024414062,0.0028332742996159954,0.039599878648244435,16.899999618530273,0.0477371666352322,1.0,0.0,1.0,0.2,0
2026-07-08,TSLA,394.05999755859375,-0.021940919513048773,745.4000244140625,-0.0030894297130047432,711.4400024414062,0.0028332742996159954,-0.01885148980004403,16.899999618530273,0.0477371666352322,0.0,1.0,-1.0,-1.0,1
2026-07-09,AMD,546.719970703125,0.056647531125973094,751.7100219726562,0.00846525000257925,723.280029296875,0.01664234062582648,0.048182281123393844,15.84000015258789,-0.06272186330585061,5.0,1.0,4.0,0.5714285714285714,1
2026-07-09,COST,911.520751953125,-0.04213486334969141,751.7100219726562,0.00846525000257925,723.280029296875,0.01664234062582648,-0.05060011335227066,15.84000015258789,-0.06272186330585061,1.0,4.0,-3.0,-0.32,1
2026-07-09,GOOGL,358.8900146484375,-0.008372012231652626,751.7100219726562,0.00846525000257925,723.280029296875,0.01664234062582648,-0.016837262234231876,15.84000015258789,-0.06272186330585061,0.0,0.0,0.0,0.0,0
2026-07-09,NVDA,202.77999877929688,-0.006564748040099211,751.7100219726562,0.00846525000257925,723.280029296875,0.01664234062582648,-0.01502999804267846,15.84000015258789,-0.06272186330585061,1.0,0.0,1.0,0.1,1
2026-07-09,TSLA,406.54998779296875,0.03169565627507742,751.7100219726562,0.00846525000257925,723.280029296875,0.01664234062582648,0.023230406272498172,15.84000015258789,-0.06272186330585061,0.0,0.0,0.0,0.0,1
2026-07-10,AMD,557.8900146484375,0.020431015042210676,754.9500122070312,0.0043101596888019955,725.510009765625,0.0030831495111482976,0.01612085535340868,15.029999732971191,-0.05113638963471623,0.0,0.0,0.0,0.0,0
2026-07-10,COST,914.7955322265625,0.0035926557529497583,754.9500122070312,0.0043101596888019955,725.510009765625,0.0030831495111482976,-0.0007175039358522373,15.029999732971191,-0.05113638963471623,5.0,1.0,4.0,0.13333333333333333,1
2026-07-10,GOOGL,357.17999267578125,-0.004764752160439367,754.9500122070312,0.0043101596888019955,725.510009765625,0.0030831495111482976,-0.009074911849241363,15.029999732971191,-0.05113638963471623,0.0,0.0,0.0,0.0,0
2026-07-10,NVDA,210.9600067138672,0.04033932332484791,754.9500122070312,0.0043101596888019955,725.510009765625,0.0030831495111482976,0.03602916363604591,15.029999732971191,-0.05113638963471623,2.0,0.0,2.0,0.5,0
2026-07-10,TSLA,407.760009765625,0.002976317818197627,754.9500122070312,0.0043101596888019955,725.510009765625,0.0030831495111482976,-0.0013338418706043687,15.029999732971191,-0.05113638963471623,0.0,0.0,0.0,0.0,0
2026-07-13,AMD,534.3900146484375,-0.04212299805152253,749.1699829101562,-0.007656174850540931,711.739990234375,-0.01897977883957569,-0.0344668232009816,17.15999984741211,0.14171657699822537,3.0,2.0,1.0,-0.03999999999999998,1
2026-07-13,COST,924.9594116210938,0.011110547697793072,749.1699829101562,-0.007656174850540931,711.739990234375,-0.01897977883957569,0.018766722548334003,17.15999984741211,0.14171657699822537,4.0,3.0,1.0,0.125,0
2026-07-13,GOOGL,352.510009765625,-0.013074592658932294,749.1699829101562,-0.007656174850540931,711.739990234375,-0.01897977883957569,-0.0054184178083913626,17.15999984741211,0.14171657699822537,0.0,0.0,0.0,0.0,1
2026-07-13,NVDA,203.52999877929688,-0.03521998340020871,749.1699829101562,-0.007656174850540931,711.739990234375,-0.01897977883957569,-0.02756380854966778,17.15999984741211,0.14171657699822537,0.0,0.0,0.0,0.0,1
2026-07-13,TSLA,394.760009765625,-0.03188149815738972,749.1699829101562,-0.007656174850540931,711.739990234375,-0.01897977883957569,-0.02422532330684879,17.15999984741211,0.14171657699822537,2.0,0.0,2.0,0.4,1
2026-07-14,AMD,548.1300048828125,0.025711539994650146,751.8300170898438,0.00355064169730146,719.6900024414062,0.011169826504217273,0.022160898297348686,16.5,-0.03846152991147278,4.0,0.0,4.0,1.0,0
2026-07-14,COST,920.2868041992188,-0.005051689147835936,751.8300170898438,0.00355064169730146,719.6900024414062,0.011169826504217273,-0.008602330845137396,16.5,-0.03846152991147278,3.0,2.0,1.0,0.18000000000000002,0
2026-07-14,GOOGL,359.510009765625,0.01985759214228877,751.8300170898438,0.00355064169730146,719.6900024414062,0.011169826504217273,0.01630695044498731,16.5,-0.03846152991147278,0.0,0.0,0.0,0.0,1
2026-07-14,NVDA,211.8000030517578,0.040632851776453593,751.8300170898438,0.00355064169730146,719.6900024414062,0.011169826504217273,0.037082210079152134,16.5,-0.03846152991147278,1.0,0.0,1.0,0.3,1
2026-07-14,TSLA,396.17999267578125,0.0035970789214421206,751.8300170898438,0.00355064169730146,719.6900024414062,0.011169826504217273,4.643722414066076e-05,16.5,-0.03846152991147278,0.0,1.0,-1.0,-0.2,0
2026-07-15,AMD,529.1400146484375,-0.03464504782662825,754.8099975585938,0.003963635929681075,717.739990234375,-0.002709516875899598,-0.038608683756309325,15.670000076293945,-0.05030302567915479,5.0,1.0,4.0,0.4666666666666667,0
2026-07-15,COST,915.0850830078125,-0.005652282709771694,754.8099975585938,0.003963635929681075,717.739990234375,-0.002709516875899598,-0.00961591863945277,15.670000076293945,-0.05030302567915479,5.0,3.0,2.0,0.037500000000000006,1
2026-07-15,GOOGL,370.9200134277344,0.03173765222711844,754.8099975585938,0.003963635929681075,717.739990234375,-0.002709516875899598,0.027774016297437365,15.670000076293945,-0.05030302567915479,0.0,0.0,0.0,0.0,0
2026-07-15,NVDA,212.5,0.0033049902651376417,754.8099975585938,0.003963635929681075,717.739990234375,-0.002709516875899598,-0.0006586456645434335,15.670000076293945,-0.05030302567915479,4.0,0.0,4.0,0.8,0
2026-07-15,TSLA,394.4599914550781,-0.004341464113536642,754.8099975585938,0.003963635929681075,717.739990234375,-0.002709516875899598,-0.008305100043217717,15.670000076293945,-0.05030302567915479,0.0,1.0,-1.0,-1.0,0
2026-07-16,AMD,500.94000244140625,-0.05329404585999309,750.719970703125,-0.005418617756386079,705.9400024414062,-0.01644047698821338,-0.04787542810360701,16.729999542236328,0.06764514746531392,1.0,2.0,-1.0,-0.4666666666666666,0
2026-07-16,COST,944.0690307617188,0.03167350041226591,750.719970703125,-0.005418617756386079,705.9400024414062,-0.01644047698821338,0.03709211816865199,16.729999542236328,0.06764514746531392,1.0,2.0,-1.0,-0.2,0
2026-07-16,GOOGL,354.4599914550781,-0.044376203431425565,750.719970703125,-0.005418617756386079,705.9400024414062,-0.01644047698821338,-0.038957585675039486,16.729999542236328,0.06764514746531392,0.0,0.0,0.0,0.0,0
2026-07-16,NVDA,207.39999389648438,-0.02400002872242646,750.719970703125,-0.005418617756386079,705.9400024414062,-0.01644047698821338,-0.01858141096604038,16.729999542236328,0.06764514746531392,1.0,0.0,1.0,1.0,0
2026-07-16,TSLA,391.05999755859375,-0.00861936310433542,750.719970703125,-0.005418617756386079,705.9400024414062,-0.01644047698821338,-0.003200745347949341,16.729999542236328,0.06764514746531392,0.0,1.0,-1.0,-0.6,0
2026-07-17,AMD,495.760009765625,-0.01034054507632809,743.2899780273438,-0.009897156017872222,695.3300170898438,-0.015029585113280453,-0.0004433890584558675,18.770000457763672,0.12193669882519642,2.0,3.0,-1.0,-0.20000000000000004,1
2026-07-17,COST,939.37646484375,-0.004970574995117216,743.2899780273438,-0.009897156017872222,695.3300170898438,-0.015029585113280453,0.0049265810227550055,18.770000457763672,0.12193669882519642,0.0,0.0,0.0,0.0,0
2026-07-17,GOOGL,346.7699890136719,-0.021694980045105727,743.2899780273438,-0.009897156017872222,695.3300170898438,-0.015029585113280453,-0.011797824027233506,18.770000457763672,0.12193669882519642,1.0,2.0,-1.0,-0.020000000000000007,1
2026-07-17,NVDA,202.80999755859375,-0.022131130535045007,743.2899780273438,-0.009897156017872222,695.3300170898438,-0.015029585113280453,-0.012233974517172785,18.770000457763672,0.12193669882519642,1.0,0.0,1.0,1.0,1
2026-07-17,TSLA,380.8399963378906,-0.02613410035418373,743.2899780273438,-0.009897156017872222,695.3300170898438,-0.015029585113280453,-0.01623694433631151,18.770000457763672,0.12193669882519642,1.0,0.0,1.0,0.2,0
2026-07-20,AMD,503.57000732421875,0.01575358521209891,742.0900268554688,-0.0016143782471810253,696.0599975585938,0.001049833101992581,0.017367963459279934,18.649999618530273,-0.006393225162856231,2.0,0.0,2.0,0.6,1
2026-07-20,COST,934.3145141601562,-0.005388628385996186,742.0900268554688,-0.0016143782471810253,696.0599975585938,0.001049833101992581,-0.0037742501388151606,18.649999618530273,-0.006393225162856231,2.0,1.0,1.0,0.025,0
2026-07-20,GOOGL,351.989990234375,0.01505320929169951,742.0900268554688,-0.0016143782471810253,696.0599975585938,0.001049833101992581,0.016667587538880535,18.649999618530273,-0.006393225162856231,3.0,0.0,3.0,0.75,0
2026-07-20,NVDA,203.27999877929688,0.0023174460152899368,742.0900268554688,-0.0016143782471810253,696.0599975585938,0.001049833101992581,0.003931824262470962,18.649999618530273,-0.006393225162856231,4.0,0.0,4.0,0.95,1
2026-07-20,TSLA,369.57000732421875,-0.029592451218471427,742.0900268554688,-0.0016143782471810253,696.0599975585938,0.001049833101992581,-0.027978072971290402,18.649999618530273,-0.006393225162856231,0.0,1.0,-1.0,-0.8,1
2026-07-21,AMD,544.4299926757812,0.08114062544883693,748.280029296875,0.008341309298597777,708.969970703125,0.018547213156642428,0.07279931615023916,17.049999237060547,-0.08579090692741875,4.0,1.0,3.0,0.42857142857142855,1
2026-07-21,COST,927.7449340820312,-0.007031443885927802,748.280029296875,0.008341309298597777,708.969970703125,0.018547213156642428,-0.015372753184525578,17.049999237060547,-0.08579090692741875,5.0,1.0,4.0,0.2,0
2026-07-21,GOOGL,347.1499938964844,-0.013750380613573365,748.280029296875,0.008341309298597777,708.969970703125,0.018547213156642428,-0.022091689912171142,17.049999237060547,-0.08579090692741875,2.0,1.0,1.0,0.14,0
2026-07-21,NVDA,207.2899932861328,0.019726458731385677,748.280029296875,0.008341309298597777,708.969970703125,0.018547213156642428,0.0113851494327879,17.049999237060547,-0.08579090692741875,6.0,0.0,6.0,1.0,1
2026-07-21,TSLA,378.92999267578125,0.025326690927467865,748.280029296875,0.008341309298597777,708.969970703125,0.018547213156642428,0.01698538162887009,17.049999237060547,-0.08579090692741875,1.0,0.0,1.0,0.5,0
2026-07-22,AMD,552.3300170898438,0.014510634095001196,747.4099731445312,-0.0011627413779321527,705.3499755859375,-0.005105992167196205,0.01567337547293335,16.639999389648438,-0.024046912947709553,5.0,0.0,5.0,0.5333333333333333,0
2026-07-22,COST,925.8380126953125,-0.002055437132195803,747.4099731445312,-0.0011627413779321527,705.3499755859375,-0.005105992167196205,-0.0008926957542636504,16.639999389648438,-0.024046912947709553,2.0,0.0,2.0,0.2,0
2026-07-22,GOOGL,342.0899963378906,-0.014575824996564957,747.4099731445312,-0.0011627413779321527,705.3499755859375,-0.005105992167196205,-0.013413083618632804,16.639999389648438,-0.024046912947709553,17.0,5.0,12.0,0.5,0
2026-07-22,NVDA,212.05999755859375,0.02301126164771805,747.4099731445312,-0.0011627413779321527,705.3499755859375,-0.005105992167196205,0.024174003025650204,16.639999389648438,-0.024046912947709553,2.0,0.0,2.0,0.9,0
2026-07-22,TSLA,374.010009765625,-0.012983883580748534,747.4099731445312,-0.0011627413779321527,705.3499755859375,-0.005105992167196205,-0.011821142202816382,16.639999389648438,-0.024046912947709553,4.0,4.0,0.0,-1.2335811384723961e-17,0
2026-07-23,AMD,539.6900024414062,-0.02288489536570204,738.1799926757812,-0.012349287272575782,691.9600219726562,-0.01898341826999872,-0.010535608093126259,18.700000762939453,0.12379816399347465,2.0,1.0,1.0,0.025,0
2026-07-23,COST,924.5899658203125,-0.0013480186143650652,738.1799926757812,-0.012349287272575782,691.9600219726562,-0.01898341826999872,0.011001268658210717,18.700000762939453,0.12379816399347465,2.0,1.0,1.0,0.10000000000000002,1
2026-07-23,GOOGL,317.69000244140625,-0.0713262420932762,738.1799926757812,-0.012349287272575782,691.9600219726562,-0.01898341826999872,-0.05897695482070042,18.700000762939453,0.12379816399347465,10.0,13.0,-3.0,-0.05434782608695654,1
2026-07-23,NVDA,208.75999450683594,-0.01556164807012217,738.1799926757812,-0.012349287272575782,691.9600219726562,-0.01898341826999872,-0.0032123607975463875,18.700000762939453,0.12379816399347465,2.0,0.0,2.0,1.0,0
2026-07-23,TSLA,319.69000244140625,-0.14523677416617442,738.1799926757812,-0.012349287272575782,691.9600219726562,-0.01898341826999872,-0.13288748689359864,18.700000762939453,0.12379816399347465,3.0,4.0,-1.0,-0.014285714285714278,0
2026-07-24,AMD,521.9500122070312,-0.032870703837618365,738.9299926757812,0.0010160123647910968,684.22998046875,-0.011171225588826994,-0.03388671620240946,18.579999923706055,-0.006417156916443623,2.0,0.0,2.0,0.5,0
2026-07-24,COST,935.030029296875,0.011291560434900427,738.9299926757812,0.0010160123647910968,684.22998046875,-0.011171225588826994,0.01027554807010933,18.579999923706055,-0.006417156916443623,4.0,0.0,4.0,0.17500000000000002,1
2026-07-24,GOOGL,319.739990234375,0.0064527929025617325,738.9299926757812,0.0010160123647910968,684.22998046875,-0.011171225588826994,0.005436780537770636,18.579999923706055,-0.006417156916443623,2.0,6.0,-4.0,-0.2875,1
2026-07-24,NVDA,206.83999633789062,-0.009197155678610791,738.9299926757812,0.0010160123647910968,684.22998046875,-0.011171225588826994,-0.010213168043401888,18.579999923706055,-0.006417156916443623,0.0,0.0,0.0,0.0,0
2026-07-24,TSLA,313.0299987792969,-0.020832692956452514,738.9299926757812,0.0010160123647910968,684.22998046875,-0.011171225588826994,-0.02184870532124361,18.579999923706055,-0.006417156916443623,1.0,4.0,-3.0,-0.20000000000000004,0
2026-07-27,AMD,494.95001220703125,-0.05172909161517647,739.0900268554688,0.0002165755636849287,682.1199951171875,-0.003083737064717651,-0.0519456671788614,18.670000076293945,0.004843926423974798,1.0,1.0,0.0,-0.30000000000000004,0
2026-07-27,COST,951.5800170898438,0.017699953236169463,739.0900268554688,0.0002165755636849287,682.1199951171875,-0.003083737064717651,0.017483377672484535,18.670000076293945,0.004843926423974798,0.0,2.0,-2.0,-0.10000000000000002,1
2026-07-27,GOOGL,326.55999755859375,0.021329854045531116,739.0900268554688,0.0002165755636849287,682.1199951171875,-0.003083737064717651,0.021113278481846187,18.670000076293945,0.004843926423974798,2.0,0.0,2.0,0.39999999999999997,1
2026-07-27,NVDA,196.50999450683594,-0.049941993879074276,739.0900268554688,0.0002165755636849287,682.1199951171875,-0.003083737064717651,-0.050158569442759204,18.670000076293945,0.004843926423974798,4.0,1.0,3.0,0.44000000000000006,1
2026-07-27,TSLA,309.2200012207031,-0.012171349626078465,739.0900268554688,0.0002165755636849287,682.1199951171875,-0.003083737064717651,-0.012387925189763394,18.670000076293945,0.004843926423974798,2.0,1.0,1.0,0.26666666666666666,0
2026-07-28,AMD,454.6199951171875,-0.08148301059738983,740.8599853515625,0.002394780651586048,675.489990234375,-0.009719704641810822,-0.08387779124897587,18.209999084472656,-0.024638510441431172,3.0,1.0,2.0,0.45,0
2026-07-28,COST,966.5800170898438,0.015763256615952903,740.8599853515625,0.002394780651586048,675.489990234375,-0.009719704641810822,0.013368475964366855,18.209999084472656,-0.024638510441431172,1.0,1.0,0.0,0.0,1
2026-07-28,GOOGL,333.7099914550781,0.021894885931953434,740.8599853515625,0.002394780651586048,675.489990234375,-0.009719704641810822,0.019500105280367386,18.209999084472656,-0.024638510441431172,0.0,0.0,0.0,0.0,1
2026-07-28,NVDA,197.00999450683594,0.002544399847217882,740.8599853515625,0.002394780651586048,675.489990234375,-0.009719704641810822,0.0001496191956318338,18.209999084472656,-0.024638510441431172,1.0,0.0,1.0,0.8,0
2026-07-28,TSLA,307.44000244140625,-0.005756415407379811,740.8599853515625,0.002394780651586048,675.489990234375,-0.009719704641810822,-0.00815119605896586,18.209999084472656,-0.024638510441431172,1.0,0.0,1.0,0.2,0
2026-07-29,AMD,429.55999755859375,-0.055122955056418066,729.4600219726562,-0.015387473482586067,661.72998046875,-0.0203704125369063,-0.039735481573832,20.65999984741211,0.13454150939680853,0.0,1.0,-1.0,-0.5,1
2026-07-29,COST,974.030029296875,0.0077076000696367775,729.4600219726562,-0.015387473482586067,661.72998046875,-0.0203704125369063,0.023095073552222845,20.65999984741211,0.13454150939680853,1.0,2.0,-1.0,-0.06666666666666667,0
2026-07-29,GOOGL,336.7099914550781,0.008989841709321045,729.4600219726562,-0.015387473482586067,661.72998046875,-0.0203704125369063,0.024377315191907112,20.65999984741211,0.13454150939680853,2.0,1.0,1.0,0.3333333333333333,0
2026-07-29,NVDA,190.00999450683594,-0.03553119230079016,729.4600219726562,-0.015387473482586067,661.72998046875,-0.0203704125369063,-0.020143718818204093,20.65999984741211,0.13454150939680853,0.0,0.0,0.0,0.0,1
2026-07-29,TSLA,298.32000732421875,-0.029664308628561287,729.4600219726562,-0.015387473482586067,661.72998046875,-0.0203704125369063,-0.01427683514597522,20.65999984741211,0.13454150939680853,0.0,2.0,-2.0,-0.15000000000000002,1
2026-07-30,AMD,485.3900146484375,0.12997024259045054,741.6900024414062,0.01676579949601198,683.5499877929688,0.032974185798204436,0.11320444309443856,17.09000015258789,-0.17279766317478462,0.0,2.0,-2.0,-1.0,0
2026-07-30,COST,954.1699829101562,-0.020389562733558853,741.6900024414062,0.01676579949601198,683.5499877929688,0.032974185798204436,-0.03715536222957083,17.09000015258789,-0.17279766317478462,1.0,4.0,-3.0,-0.1,0
2026-07-30,GOOGL,333.4456787109375,-0.009694730857358946,741.6900024414062,0.01676579949601198,683.5499877929688,0.032974185798204436,-0.026460530353370926,17.09000015258789,-0.17279766317478462,2.0,0.0,2.0,1.0,1
2026-07-30,NVDA,195.0399932861328,0.026472285272951313,741.6900024414062,0.01676579949601198,683.5499877929688,0.032974185798204436,0.009706485776939333,17.09000015258789,-0.17279766317478462,0.0,0.0,0.0,0.0,1
2026-07-30,TSLA,308.8500061035156,0.03529766197629747,741.6900024414062,0.01676579949601198,683.5499877929688,0.032974185798204436,0.018531862480285488,17.09000015258789,-0.17279766317478462,0.0,1.0,-1.0,-0.8,1
2026-07-31,AMD,476.1499938964844,-0.019036281079341077,747.030029296875,0.007199809675054292,687.989990234375,0.00649550511403274,-0.02623609075439537,15.989999771118164,-0.064365147551105,0.0,0.0,0.0,0.0,1
2026-07-31,COST,951.8900146484375,-0.0023894780831031914,747.030029296875,0.007199809675054292,687.989990234375,0.00649550511403274,-0.009589287758157483,15.989999771118164,-0.064365147551105,1.0,0.0,1.0,0.2,1
2026-07-31,GOOGL,355.9012451171875,0.06734400185679612,747.030029296875,0.007199809675054292,687.989990234375,0.00649550511403274,0.06014419218174183,15.989999771118164,-0.064365147551105,2.0,0.0,2.0,0.6,1
2026-07-31,NVDA,200.52561950683594,0.02812564812107765,747.030029296875,0.007199809675054292,687.989990234375,0.00649550511403274,0.02092583844602336,15.989999771118164,-0.064365147551105,0.0,0.0,0.0,0.0,1
2026-07-31,TSLA,311.2099914550781,0.007641202217659959,747.030029296875,0.007199809675054292,687.989990234375,0.00649550511403274,0.0004413925426056675,15.989999771118164,-0.064365147551105,1.0,2.0,-1.0,-0.30000000000000004,1
2026-08-03,AMD,484.6400146484375,0.01783055940519218,757.6699829101562,0.01424300656734756,700.0700073242188,0.017558419833591632,0.003587552837844621,15.859999656677246,-0.008130088574218153,0.0,0.0,0.0,0.0,1
2026-08-03,COST,954.0800170898438,0.002300688533028783,757.6699829101562,0.01424300656734756,700.0700073242188,0.017558419833591632,-0.011942318034318777,15.859999656677246,-0.008130088574218153,0.0,0.0,0.0,0.0,0
2026-08-03,GOOGL,373.27008056640625,0.04880240147375625,757.6699829101562,0.01424300656734756,700.0700073242188,0.017558419833591632,0.03455939490640869,15.859999656677246,-0.008130088574218153,0.0,0.0,0.0,0.0,1
2026-08-03,NVDA,206.40904235839844,0.029340005860757135,757.6699829101562,0.01424300656734756,700.0700073242188,0.017558419833591632,0.015096999293409574,15.859999656677246,-0.008130088574218153,0.0,0.0,0.0,0.0,1
2026-08-03,TSLA,322.0799865722656,0.03492816881091865,757.6699829101562,0.01424300656734756,700.0700073242188,0.017558419833591632,0.020685162243571087,15.859999656677246,-0.008130088574218153,0.0,0.0,0.0,0.0,1
2026-08-04,AMD,518.5800170898438,0.0700313664071397,771.3300170898438,0.018029002715958642,723.8499755859375,0.03396798607700635,0.05200236369118105,16.5,0.040353112054028806,0.0,0.0,0.0,0.0,0
2026-08-04,COST,947.8499755859375,-0.006529894130797631,771.3300170898438,0.018029002715958642,723.8499755859375,0.03396798607700635,-0.024558896846756273,16.5,0.040353112054028806,0.0,0.0,0.0,0.0,0
2026-08-04,GOOGL,377.40740966796875,0.011084009453113497,771.3300170898438,0.018029002715958642,723.8499755859375,0.03396798607700635,-0.006944993262845145,16.5,0.040353112054028806,0.0,0.0,0.0,0.0,0
2026-08-04,NVDA,211.70310974121094,0.02564842761888375,771.3300170898438,0.018029002715958642,723.8499755859375,0.03396798607700635,0.007619424902925109,16.5,0.040353112054028806,0.0,0.0,0.0,0.0,1
2026-08-04,TSLA,327.3500061035156,0.01636245575931672,771.3300170898438,0.018029002715958642,723.8499755859375,0.03396798607700635,-0.0016665469566419233,16.5,0.040353112054028806,0.0,0.0,0.0,0.0,0
2026-08-05,AMD,482.04998779296875,-0.0704424160072219,769.7899780273438,-0.0019966020100066206,717.2999877929688,-0.009048819525989127,-0.06844581399721528,15.8100004196167,-0.0418181563868667,0.0,0.0,0.0,0.0,1
2026-08-05,COST,941.989990234375,-0.006182397533892381,769.7899780273438,-0.0019966020100066206,717.2999877929688,-0.009048819525989127,-0.00418579552388576,15.8100004196167,-0.0418181563868667,0.0,0.0,0.0,0.0,1
2026-08-05,GOOGL,362.1971740722656,-0.04030189976684506,769.7899780273438,-0.0019966020100066206,717.2999877929688,-0.009048819525989127,-0.03830529775683844,15.8100004196167,-0.0418181563868667,0.0,0.0,0.0,0.0,0
2026-08-05,NVDA,218.9749755859375,0.03434935770955749,769.7899780273438,-0.0019966020100066206,717.2999877929688,-0.009048819525989127,0.036345959719564114,15.8100004196167,-0.0418181563868667,0.0,0.0,0.0,0.0,0
2026-08-05,TSLA,321.54998779296875,-0.01771809440172356,769.7899780273438,-0.0019966020100066206,717.2999877929688,-0.009048819525989127,-0.01572149239171694,15.8100004196167,-0.0418181563868667,0.0,0.0,0.0,0.0,0
2026-08-06,AMD,489.2799987792969,0.014998467315454622,768.5599975585938,-0.001597813044932006,714.6500244140625,-0.0036943586003114204,0.016596280360386628,15.149999618530273,-0.041745780111903774,0.0,0.0,0.0,0.0,0
2026-08-06,COST,949.1500244140625,0.007600966309531554,768.5599975585938,-0.001597813044932006,714.6500244140625,-0.0036943586003114204,0.00919877935446356,15.149999618530273,-0.041745780111903774,0.0,0.0,0.0,0.0,0
2026-08-06,GOOGL,357.52020263671875,-0.012912777267041098,768.5599975585938,-0.001597813044932006,714.6500244140625,-0.0036943586003114204,-0.011314964222109092,15.149999618530273,-0.041745780111903774,0.0,0.0,0.0,0.0,0
2026-08-06,NVDA,218.7452392578125,-0.00104914421161717,768.5599975585938,-0.001597813044932006,714.6500244140625,-0.0036943586003114204,0.000548668833314836,15.149999618530273,-0.041745780111903774,0.0,0.0,0.0,0.0,1
2026-08-06,TSLA,319.5299987792969,-0.006282037289245479,768.5599975585938,-0.001597813044932006,714.6500244140625,-0.0036943586003114204,-0.004684224244313473,15.149999618530273,-0.041745780111903774,0.0,0.0,0.0,0.0,1
2026-08-07,AMD,483.3599853515625,-0.012099438854038969,773.260009765625,0.006115348472417681,723.030029296875,0.011726026161803071,-0.01821478732645665,14.899999618530273,-0.01650165058052011,0.0,0.0,0.0,0.0,0
2026-08-07,COST,947.8200073242188,-0.0014012717227340765,773.260009765625,0.006115348472417681,723.030029296875,0.011726026161803071,-0.0075166201951517575,14.899999618530273,-0.01650165058052011,0.0,0.0,0.0,0.0,1
2026-08-07,GOOGL,354.0723876953125,-0.0096436926248602,773.260009765625,0.006115348472417681,723.030029296875,0.011726026161803071,-0.01575904109727788,14.899999618530273,-0.01650165058052011,0.0,0.0,0.0,0.0,1
2026-08-07,NVDA,223.70968627929688,0.022695108877927694,773.260009765625,0.006115348472417681,723.030029296875,0.011726026161803071,0.016579760405510013,14.899999618530273,-0.01650165058052011,0.0,0.0,0.0,0.0,0
2026-08-07,TSLA,328.5799865722656,0.02832281108985857,773.260009765625,0.006115348472417681,723.030029296875,0.011726026161803071,0.022207462617440887,14.899999618530273,-0.01650165058052011,0.0,0.0,0.0,0.0,1
2026-08-10,AMD,469.55999755859375,-0.028550124567989665,773.030029296875,-0.00029741673673222557,720.8699951171875,-0.0029874750593527066,-0.02825270783125744,15.460000038146973,0.03758392174186764,0.0,0.0,0.0,0.0,1
2026-08-10,COST,952.75,0.005201401782706672,773.030029296875,-0.00029741673673222557,720.8699951171875,-0.0029874750593527066,0.005498818519438897,15.460000038146973,0.03758392174186764,0.0,0.0,0.0,0.0,0
2026-08-10,GOOGL,357.29034423828125,0.009088414275721046,773.030029296875,-0.00029741673673222557,720.8699951171875,-0.0029874750593527066,0.009385831012453272,15.460000038146973,0.03758392174186764,0.0,0.0,0.0,0.0,0
2026-08-10,NVDA,217.3068389892578,-0.028621234049048927,773.030029296875,-0.00029741673673222557,720.8699951171875,-0.0029874750593527066,-0.0283238173123167,15.460000038146973,0.03758392174186764,0.0,0.0,0.0,0.0,0
2026-08-10,TSLA,330.8800048828125,0.006999873408422008,773.030029296875,-0.00029741673673222557,720.8699951171875,-0.0029874750593527066,0.007297290145154234,15.460000038146973,0.03758392174186764,0.0,0.0,0.0,0.0,1
2026-08-11,AMD,474.32000732421875,0.010137170522135586,770.5599975585938,-0.0031952597501651026,718.4500122070312,-0.0033570309855425196,0.013332430272300688,15.279999732971191,-0.011642969258191305,0.0,0.0,0.0,0.0,1
2026-08-11,COST,944.3200073242188,-0.008848063684892438,770.5599975585938,-0.0031952597501651026,718.4500122070312,-0.0033570309855425196,-0.005652803934727335,15.279999732971191,-0.011642969258191305,0.0,0.0,0.0,0.0,1
2026-08-11,GOOGL,343.5791320800781,-0.03837554632895135,770.5599975585938,-0.0031952597501651026,718.4500122070312,-0.0033570309855425196,-0.035180286578786246,15.279999732971191,-0.011642969258191305,0.0,0.0,0.0,0.0,0
2026-08-11,NVDA,217.25689697265625,-0.00022982257177850407,770.5599975585938,-0.0031952597501651026,718.4500122070312,-0.0033570309855425196,0.0029654371783865985,15.279999732971191,-0.011642969258191305,0.0,0.0,0.0,0.0,1
2026-08-11,TSLA,332.80999755859375,0.005832908145854354,770.5599975585938,-0.0031952597501651026,718.4500122070312,-0.0033570309855425196,0.009028167896019457,15.279999732971191,-0.011642969258191305,0.0,0.0,0.0,0.0,0
2026-08-12,AMD,482.92999267578125,0.018152271079885596,772.489990234375,0.0025046624297864195,723.7000122070312,0.007307397746256994,0.015647608650099176,14.550000190734863,-0.047774839986491235,0.0,0.0,0.0,0.0,1
2026-08-12,COST,949.5800170898438,0.005570156011551086,772.489990234375,0.0025046624297864195,723.7000122070312,0.007307397746256994,0.0030654935817646667,14.550000190734863,-0.047774839986491235,0.0,0.0,0.0,0.0,1
2026-08-12,GOOGL,343.3193359375,-0.0007561464545453589,772.489990234375,0.0025046624297864195,723.7000122070312,0.007307397746256994,-0.0032608088843317784,14.550000190734863,-0.047774839986491235,0.0,0.0,0.0,0.0,1
2026-08-12,NVDA,223.8395233154297,0.030298814143524755,772.489990234375,0.0025046624297864195,723.7000122070312,0.007307397746256994,0.027794151713738335,14.550000190734863,-0.047774839986491235,0.0,0.0,0.0,0.0,1
2026-08-12,TSLA,327.510009765625,-0.015924965691680115,772.489990234375,0.0025046624297864195,723.7000122070312,0.007307397746256994,-0.018429628121466535,14.550000190734863,-0.047774839986491235,0.0,0.0,0.0,0.0,1
2026-08-13,AMD,483.010009765625,0.00016569086836049074,777.8800048828125,0.006977455651952402,732.0700073242188,0.011565558900105577,-0.0068117647835919115,14.630000114440918,0.005498276471294972,0.0,0.0,0.0,0.0,1
2026-08-13,COST,961.8499755859375,0.012921458197590496,777.8800048828125,0.006977455651952402,732.0700073242188,0.011565558900105577,0.005944002545638094,14.630000114440918,0.005498276471294972,0.0,0.0,0.0,0.0,0
2026-08-13,GOOGL,346.13751220703125,0.008208615054656532,777.8800048828125,0.006977455651952402,732.0700073242188,0.011565558900105577,0.0012311594027041295,14.630000114440918,0.005498276471294972,0.0,0.0,0.0,0.0,0
2026-08-13,NVDA,225.04818725585938,0.0053996895745995754,777.8800048828125,0.006977455651952402,732.0700073242188,0.011565558900105577,-0.0015777660773528268,14.630000114440918,0.005498276471294972,0.0,0.0,0.0,0.0,0
2026-08-13,TSLA,339.9599914550781,0.0380140493976433,777.8800048828125,0.006977455651952402,732.0700073242188,0.011565558900105577,0.0310365937456909,14.630000114440918,0.005498276471294972,0.0,0.0,0.0,0.0,1
2026-08-14,AMD,514.3900146484375,0.06496760781011401,776.3400268554688,-0.0019797115463531245,731.0700073242188,-0.0013659895774928987,0.06694731935646714,14.25,-0.025974033593193835,0.0,0.0,0.0,0.0,0
2026-08-14,COST,961.0999755859375,-0.000779747381646656,776.3400268554688,-0.0019797115463531245,731.0700073242188,-0.0013659895774928987,0.0011999641647064685,14.25,-0.025974033593193835,0.0,0.0,0.0,0.0,0
2026-08-14,GOOGL,345.67779541015625,-0.0013281334171028059,776.3400268554688,-0.0019797115463531245,731.0700073242188,-0.0013659895774928987,0.0006515781292503187,14.25,-0.025974033593193835,0.0,0.0,0.0,0.0,0
2026-08-14,NVDA,224.90834045410156,-0.0006214082568850587,776.3400268554688,-0.0019797115463531245,731.0700073242188,-0.0013659895774928987,0.0013583032894680658,14.25,-0.025974033593193835,0.0,0.0,0.0,0.0,0
2026-08-14,TSLA,342.2699890136719,0.006794910038403712,776.3400268554688,-0.0019797115463531245,731.0700073242188,-0.0013659895774928987,0.008774621584756837,14.25,-0.025974033593193835,0.0,0.0,0.0,0.0,0
2026-08-17,AMD,506.0,-0.016310609478241367,772.6699829101562,-0.004727366641364417,729.8699951171875,-0.0016414463662972612,-0.01158324283687695,15.1899995803833,0.06596488283391588,0.0,0.0,0.0,0.0,0
2026-08-17,COST,953.5,-0.00790758066693753,772.6699829101562,-0.004727366641364417,729.8699951171875,-0.0016414463662972612,-0.0031802140255731137,15.1899995803833,0.06596488283391588,0.0,0.0,0.0,0.0,1
2026-08-17,GOOGL,343.7790222167969,-0.005492898932390022,772.6699829101562,-0.004727366641364417,729.8699951171875,-0.0016414463662972612,-0.0007655322910256057,15.1899995803833,0.06596488283391588,0.0,0.0,0.0,0.0,1
2026-08-17,NVDA,224.7584991455078,-0.000666232778611997,772.6699829101562,-0.004727366641364417,729.8699951171875,-0.0016414463662972612,0.00406113386275242,15.1899995803833,0.06596488283391588,0.0,0.0,0.0,0.0,0
2026-08-17,TSLA,339.29998779296875,-0.008677363823985429,772.6699829101562,-0.004727366641364417,729.8699951171875,-0.0016414463662972612,-0.003949997182621012,15.1899995803833,0.06596488283391588,0.0,0.0,0.0,0.0,0
2026-08-18,AMD,484.3900146484375,-0.042707480931941655,767.4500122070312,-0.006755757074274671,717.510009765625,-0.01693450262957852,-0.035951723857666984,15.84000015258789,0.04279134892432879,0.0,0.0,0.0,0.0,0
2026-08-18,COST,961.3499755859375,0.008232800824265807,767.4500122070312,-0.006755757074274671,717.510009765625,-0.01693450262957852,0.014988557898540478,15.84000015258789,0.04279134892432879,0.0,0.0,0.0,0.0,0
2026-08-18,GOOGL,343.9789123535156,0.0005814494887728117,767.4500122070312,-0.006755757074274671,717.510009765625,-0.01693450262957852,0.0073372065630474825,15.84000015258789,0.04279134892432879,0.0,0.0,0.0,0.0,1
2026-08-18,NVDA,219.49440002441406,-0.02342113486745523,767.4500122070312,-0.006755757074274671,717.510009765625,-0.01693450262957852,-0.016665377793180558,15.84000015258789,0.04279134892432879,0.0,0.0,0.0,0.0,0
2026-08-18,TSLA,336.8699951171875,-0.00716178238492593,767.4500122070312,-0.006755757074274671,717.510009765625,-0.01693450262957852,-0.000406025310651259,15.84000015258789,0.04279134892432879,0.0,0.0,0.0,0.0,1
2026-08-19,AMD,466.4200134277344,-0.03709820738923664,769.0599975585938,0.00209783741736147,716.0800170898438,-0.0019929933468779693,-0.03919604480659811,14.890000343322754,-0.05997473485566407,0.0,0.0,0.0,0.0,1
2026-08-19,COST,956.989990234375,-0.004535273794442185,769.0599975585938,0.00209783741736147,716.0800170898438,-0.0019929933468779693,-0.006633111211803655,14.890000343322754,-0.05997473485566407,1.0,0.0,1.0,0.2,0
2026-08-19,GOOGL,344.4985656738281,0.00151071272583847,769.0599975585938,0.00209783741736147,716.0800170898438,-0.0019929933468779693,-0.000587124691523,14.890000343322754,-0.05997473485566407,0.0,0.0,0.0,0.0,0
2026-08-19,NVDA,217.31683349609375,-0.009920829543159648,769.0599975585938,0.00209783741736147,716.0800170898438,-0.0019929933468779693,-0.012018666960521118,14.890000343322754,-0.05997473485566407,0.0,0.0,0.0,0.0,0
2026-08-19,TSLA,351.1199951171875,0.04230118504630487,769.0599975585938,0.00209783741736147,716.0800170898438,-0.0019929933468779693,0.0402033476289434,14.890000343322754,-0.05997473485566407,0.0,0.0,0.0,0.0,0
2026-08-20,AMD,469.4599914550781,0.006517683503764804,762.5999755859375,-0.008399893367440514,710.9299926757812,-0.007191967784539344,0.014917576871205318,16.010000228881836,0.07521825787340108,0.0,0.0,0.0,0.0,1
2026-08-20,COST,933.510009765625,-0.024535241442807054,762.5999755859375,-0.008399893367440514,710.9299926757812,-0.007191967784539344,-0.01613534807536654,16.010000228881836,0.07521825787340108,1.0,0.0,1.0,1.0,1
2026-08-20,GOOGL,340.451171875,-0.011748652105159185,762.5999755859375,-0.008399893367440514,710.9299926757812,-0.007191967784539344,-0.003348758737718671,16.010000228881836,0.07521825787340108,0.0,0.0,0.0,0.0,1
2026-08-20,NVDA,216.60763549804688,-0.0032634287304743603,762.5999755859375,-0.008399893367440514,710.9299926757812,-0.007191967784539344,0.005136464636966154,16.010000228881836,0.07521825787340108,0.0,0.0,0.0,0.0,0
2026-08-20,TSLA,345.1300048828125,-0.01705966711572726,762.5999755859375,-0.008399893367440514,710.9299926757812,-0.007191967784539344,-0.008659773748286748,16.010000228881836,0.07521825787340108,1.0,0.0,1.0,0.6,1
2026-08-21,AMD,473.25,0.008073123618425715,765.719970703125,0.0040912604472485015,713.4400024414062,0.0035306004690811577,0.0039818631711772134,15.130000114440918,-0.054965652833246614,0.0,0.0,0.0,0.0,0
2026-08-21,COST,947.739990234375,0.015243522104623874,765.719970703125,0.0040912604472485015,713.4400024414062,0.0035306004690811577,0.011152261657375373,15.130000114440918,-0.054965652833246614,0.0,0.0,0.0,0.0,1
2026-08-21,GOOGL,344.5985107421875,0.012181890414259655,765.719970703125,0.0040912604472485015,713.4400024414062,0.0035306004690811577,0.008090629967011154,15.130000114440918,-0.054965652833246614,0.0,0.0,0.0,0.0,1
2026-08-21,NVDA,214.48001098632812,-0.00982248158901089,765.719970703125,0.0040912604472485015,713.4400024414062,0.0035306004690811577,-0.013913742036259391,15.130000114440918,-0.054965652833246614,0.0,0.0,0.0,0.0,0
2026-08-21,TSLA,362.8599853515625,0.05137188948486271,765.719970703125,0.0040912604472485015,713.4400024414062,0.0035306004690811577,0.04728062903761421,15.130000114440918,-0.054965652833246614,0.0,0.0,0.0,0.0,0
2026-08-24,AMD,456.75,-0.03486529318541998,763.469970703125,-0.0029384110198065194,706.3200073242188,-0.009979809224073155,-0.03192688216561346,15.850000381469727,0.04758759164460291,0.0,0.0,0.0,0.0,1
2026-08-24,COST,971.4000244140625,0.024964689074517654,763.469970703125,-0.0029384110198065194,706.3200073242188,-0.009979809224073155,0.027903100094324174,15.850000381469727,0.04758759164460291,1.0,4.0,-3.0,-0.06666666666666665,0
2026-08-24,GOOGL,347.83642578125,0.00939619568316985,763.469970703125,-0.0029384110198065194,706.3200073242188,-0.009979809224073155,0.01233460670297637,15.850000381469727,0.04758759164460291,0.0,0.0,0.0,0.0,0
2026-08-24,NVDA,208.24697875976562,-0.029061133472992107,763.469970703125,-0.0029384110198065194,706.3200073242188,-0.009979809224073155,-0.026122722453185587,15.850000381469727,0.04758759164460291,0.0,1.0,-1.0,-0.2,1
2026-08-24,TSLA,348.95001220703125,-0.03833427136104406,763.469970703125,-0.0029384110198065194,706.3200073242188,-0.009979809224073155,-0.03539586034123754,15.850000381469727,0.04758759164460291,0.0,0.0,0.0,0.0,1
2026-08-25,AMD,479.17999267578125,0.049107811003352486,765.9099731445312,0.003195937672779925,710.719970703125,0.006229419148941817,0.04591187333057256,15.449999809265137,-0.025236628553790497,6.0,1.0,5.0,0.48333333333333334,1
2026-08-25,COST,960.010009765625,-0.011725359648109723,765.9099731445312,0.003195937672779925,710.719970703125,0.006229419148941817,-0.014921297320889648,15.449999809265137,-0.025236628553790497,1.0,1.0,0.0,0.014285714285714287,0
2026-08-25,GOOGL,346.73712158203125,-0.003160405632474217,765.9099731445312,0.003195937672779925,710.719970703125,0.006229419148941817,-0.006356343305254142,15.449999809265137,-0.025236628553790497,6.0,0.0,6.0,0.39,0
2026-08-25,NVDA,212.81187438964844,0.021920585148795357,765.9099731445312,0.003195937672779925,710.719970703125,0.006229419148941817,0.018724647476015432,15.449999809265137,-0.025236628553790497,6.0,4.0,2.0,0.23846153846153847,0
2026-08-25,TSLA,350.25,0.003725426988085312,765.9099731445312,0.003195937672779925,710.719970703125,0.006229419148941817,0.000529489315305387,15.449999809265137,-0.025236628553790497,4.0,5.0,-1.0,0.06153846153846153,0
2026-08-26,AMD,480.92999267578125,0.003652072345983859,766.0800170898438,0.0002220155779071309,711.3699951171875,0.0009145998999007254,0.003430056768076728,15.210000038146973,-0.01553396595993739,5.0,0.0,5.0,0.64,0
2026-08-26,COST,956.1199951171875,-0.0040520563419824684,766.0800170898438,0.0002220155779071309,711.3699951171875,0.0009145998999007254,-0.004274071919889599,15.210000038146973,-0.01553396595993739,2.0,2.0,0.0,0.1,0
2026-08-26,GOOGL,341.7803039550781,-0.014295607012993039,766.0800170898438,0.0002220155779071309,711.3699951171875,0.0009145998999007254,-0.01451762259090017,15.210000038146973,-0.01553396595993739,5.0,2.0,3.0,0.12222222222222223,0
2026-08-26,NVDA,209.4256591796875,-0.01591177757196449,766.0800170898438,0.0002220155779071309,711.3699951171875,0.0009145998999007254,-0.016133793149871622,15.210000038146973,-0.01553396595993739,0.0,0.0,0.0,0.0,1
2026-08-26,TSLA,345.82000732421875,-0.012648087582530332,766.0800170898438,0.0002220155779071309,711.3699951171875,0.0009145998999007254,-0.012870103160437463,15.210000038146973,-0.01553396595993739,6.0,1.0,5.0,0.3375,1
2026-08-27,AMD,476.6700134277344,-0.008857794924257756,771.0999755859375,0.006552786111251541,721.1099853515625,0.01369187666225713,-0.015410581035509296,14.510000228881836,-0.04602234105914027,3.0,7.0,-4.0,-0.06999999999999999,0
2026-08-27,COST,934.6599731445312,-0.022444904491330075,771.0999755859375,0.006552786111251541,721.1099853515625,0.01369187666225713,-0.028997690602581616,14.510000228881836,-0.04602234105914027,3.0,2.0,1.0,0.0125,1
2026-08-27,GOOGL,340.4311828613281,-0.003947334232365041,771.0999755859375,0.006552786111251541,721.1099853515625,0.01369187666225713,-0.010500120343616581,14.510000228881836,-0.04602234105914027,0.0,2.0,-2.0,-0.20000000000000004,1
2026-08-27,NVDA,227.7251739501953,0.08737952570943941,771.0999755859375,0.006552786111251541,721.1099853515625,0.01369187666225713,0.08082673959818787,14.510000228881836,-0.04602234105914027,4.0,0.0,4.0,0.5599999999999999,0
2026-08-27,TSLA,354.80999755859375,0.025996154195747634,771.0999755859375,0.006552786111251541,721.1099853515625,0.01369187666225713,0.019443368084496093,14.510000228881836,-0.04602234105914027,6.0,3.0,3.0,0.2545454545454546,0
2026-08-28,AMD,465.5799865722656,-0.02326562725379,769.3499755859375,-0.002269485222937795,716.4299926757812,-0.006489984566639517,-0.020996142030852205,14.430000305175781,-0.005513433662586498,21.0,24.0,-3.0,0.02403846153846154,1
2026-08-28,COST,945.469970703125,0.011565700756634545,769.3499755859375,-0.002269485222937795,716.4299926757812,-0.006489984566639517,0.01383518597957234,14.430000305175781,-0.005513433662586498,2.0,3.0,-1.0,-0.028571428571428564,0
2026-08-28,GOOGL,346.36737060546875,0.017437262045876256,769.3499755859375,-0.002269485222937795,716.4299926757812,-0.006489984566639517,0.01970674726881405,14.430000305175781,-0.005513433662586498,1.0,2.0,-1.0,-0.16,0
2026-08-28,NVDA,217.3068389892578,-0.04574959711400217,769.3499755859375,-0.002269485222937795,716.4299926757812,-0.006489984566639517,-0.04348011189106438,14.430000305175781,-0.005513433662586498,4.0,0.0,4.0,0.5666666666666667,1
2026-08-28,TSLA,348.75,-0.01707955694679375,769.3499755859375,-0.002269485222937795,716.4299926757812,-0.006489984566639517,-0.014810071723855955,14.430000305175781,-0.005513433662586498,2.0,2.0,0.0,0.05714285714285716,1
2026-08-31,AMD,470.7200012207031,0.01104002490802869,767.0499877929688,-0.002989520850009919,716.760009765625,0.0004606410859646637,0.014029545758038608,14.920000076293945,0.03395701737736001,41.0,9.0,32.0,0.41929824561403506,0
2026-08-31,COST,943.8900146484375,-0.0016710801015843435,767.0499877929688,-0.002989520850009919,716.760009765625,0.0004606410859646637,0.0013184407484255756,14.920000076293945,0.03395701737736001,59.0,12.0,47.0,0.1864583333333333,0
2026-08-31,GOOGL,339.13201904296875,-0.020889241240744538,767.0499877929688,-0.002989520850009919,716.760009765625,0.0004606410859646637,-0.01789972039073462,14.920000076293945,0.03395701737736001,16.0,19.0,-3.0,0.0346938775510204,0
2026-08-31,NVDA,220.53323364257812,0.014847184139841207,767.0499877929688,-0.002989520850009919,716.760009765625,0.0004606410859646637,0.017836704989851127,14.920000076293945,0.03395701737736001,2.0,0.0,2.0,0.25,0
2026-08-31,TSLA,367.95001220703125,0.05505379844310032,767.0499877929688,-0.002989520850009919,716.760009765625,0.0004606410859646637,0.05804331929311024,14.920000076293945,0.03395701737736001,6.0,3.0,3.0,0.31,0
2026-09-01,AMD,459.6099853515625,-0.023602175051685492,761.780029296875,-0.0068704238054380085,707.6400146484375,-0.012723917340435431,-0.016731751246247484,16.34000015258789,0.09517426736144263,32.0,9.0,23.0,0.2875,0
2026-09-01,COST,939.9600219726562,-0.004163612936667227,761.780029296875,-0.0068704238054380085,707.6400146484375,-0.012723917340435431,0.0027068108687707815,16.34000015258789,0.09517426736144263,2.0,2.0,0.0,0.25,0
2026-09-01,GOOGL,334.8047790527344,-0.012759750619967591,761.780029296875,-0.0068704238054380085,707.6400146484375,-0.012723917340435431,-0.005889326814529583,16.34000015258789,0.09517426736144263,1.0,1.0,0.0,0.03333333333333333,1
2026-09-01,NVDA,217.1969757080078,-0.015128141366563597,761.780029296875,-0.0068704238054380085,707.6400146484375,-0.012723917340435431,-0.008257717561125588,16.34000015258789,0.09517426736144263,2.0,0.0,2.0,0.3,1
2026-09-01,TSLA,356.0899963378906,-0.03223268236356913,761.780029296875,-0.0068704238054380085,707.6400146484375,-0.012723917340435431,-0.025362258558131123,16.34000015258789,0.09517426736144263,3.0,1.0,2.0,0.33999999999999997,1
2026-09-02,AMD,457.05999755859375,-0.005548155771720742,765.1599731445312,0.004436902672253051,709.239990234375,0.0022610021378346445,-0.009985058443973793,15.199999809265137,-0.06976746222013974,24.0,16.0,8.0,0.2651162790697674,0
2026-09-02,COST,928.47998046875,-0.01221332954120069,765.1599731445312,0.004436902672253051,709.239990234375,0.0022610021378346445,-0.01665023221345374,15.199999809265137,-0.06976746222013974,37.0,16.0,21.0,0.1484848484848485,0
2026-09-02,GOOGL,336.9034423828125,0.006268319514482146,765.1599731445312,0.004436902672253051,709.239990234375,0.0022610021378346445,0.0018314168422290944,15.199999809265137,-0.06976746222013974,57.0,10.0,47.0,0.39375,1
2026-09-02,NVDA,224.1591796875,0.03205479246106968,765.1599731445312,0.004436902672253051,709.239990234375,0.0022610021378346445,0.02761788978881663,15.199999809265137,-0.06976746222013974,56.0,9.0,47.0,0.410126582278481,1
2026-09-02,TSLA,357.010009765625,0.002583654236838928,765.1599731445312,0.004436902672253051,709.239990234375,0.0022610021378346445,-0.0018532484354141232,15.199999809265137,-0.06976746222013974,30.0,29.0,1.0,-0.07727272727272727,1
2026-09-03,AMD,456.1600036621094,-0.0019690935572829193,773.1699829101562,0.01046841189654324,717.6699829101562,0.011885952275470846,-0.012437505453826159,14.319999694824219,-0.05789474509759629,14.0,13.0,1.0,0.05757575757575758,1
2026-09-03,COST,925.4099731445312,-0.003306487365154376,773.1699829101562,0.01046841189654324,717.6699829101562,0.011885952275470846,-0.013774899261697615,14.319999694824219,-0.05789474509759629,65.0,36.0,29.0,0.05701754385964912,0
2026-09-03,GOOGL,342.260009765625,0.015899414220665653,773.1699829101562,0.01046841189654324,717.6699829101562,0.011885952275470846,0.005431002324122414,14.319999694824219,-0.05789474509759629,38.0,14.0,24.0,0.2791044776119403,0
2026-09-03,NVDA,228.1946563720703,0.01800272774996836,773.1699829101562,0.01046841189654324,717.6699829101562,0.011885952275470846,0.007534315853425122,14.319999694824219,-0.05789474509759629,94.0,7.0,87.0,0.6280701754385964,1
2026-09-03,TSLA,376.3699951171875,0.05422813036607077,773.1699829101562,0.01046841189654324,717.6699829101562,0.011885952275470846,0.04375971846952753,14.319999694824219,-0.05789474509759629,63.0,28.0,35.0,0.24259259259259258,0
2026-09-04,AMD,477.57000732421875,0.04693529351593129,770.1900024414062,-0.0038542371465761782,718.9600219726562,0.001797537995484877,0.050789530662507465,14.529999732971191,0.01466480744569254,3.0,3.0,0.0,0.08888888888888889,1
2026-09-04,COST,915.739990234375,-0.010449404254092687,770.1900024414062,-0.0038542371465761782,718.9600219726562,0.001797537995484877,-0.006595167107516509,14.529999732971191,0.01466480744569254,1.0,6.0,-5.0,-0.1875,0
2026-09-04,GOOGL,338.4599914550781,-0.01110272366657461,770.1900024414062,-0.0038542371465761782,718.9600219726562,0.001797537995484877,-0.007248486519998432,14.529999732971191,0.01466480744569254,0.0,3.0,-3.0,-0.10000000000000002,0
2026-09-04,NVDA,230.10252380371094,0.008360701613143284,770.1900024414062,-0.0038542371465761782,718.9600219726562,0.001797537995484877,0.012214938759719463,14.529999732971191,0.01466480744569254,0.0,0.0,0.0,0.0,0
2026-09-04,TSLA,354.0799865722656,-0.05922365978717725,770.1900024414062,-0.0038542371465761782,718.9600219726562,0.001797537995484877,-0.055369422640601074,14.529999732971191,0.01466480744569254,1.0,3.0,-2.0,-0.2,1
2026-09-08,AMD,505.739990234375,0.05898608052877963,765.9600219726562,-0.0054921259109329545,718.3599853515625,-0.0008345896889334625,0.06447820643971258,15.720000267028809,0.02745098503647614,0.0,0.0,0.0,0.0,1
2026-09-08,COST,910.1799926757812,-0.00607158977208222,765.9600219726562,-0.0054921259109329545,718.3599853515625,-0.0008345896889334625,-0.0005794638611492653,15.720000267028809,0.02745098503647614,3.0,0.0,3.0,0.08,0
2026-09-08,GOOGL,338.3599853515625,-0.00029547392909179404,765.9600219726562,-0.0054921259109329545,718.3599853515625,-0.0008345896889334625,0.0051966519818411605,15.720000267028809,0.02745098503647614,0.0,1.0,-1.0,-0.1,0
2026-09-08,NVDA,225.47769165039062,-0.020099006637865124,765.9600219726562,-0.0054921259109329545,718.3599853515625,-0.0008345896889334625,-0.01460688072693217,15.720000267028809,0.02745098503647614,0.0,1.0,-1.0,-0.13333333333333333,0
2026-09-08,TSLA,368.1600036621094,0.039765074626634034,765.9600219726562,-0.0054921259109329545,718.3599853515625,-0.0008345896889334625,0.04525720053756699,15.720000267028809,0.02745098503647614,2.0,1.0,1.0,0.3166666666666667,0
2026-09-09,AMD,521.0999755859375,0.030371308672751507,762.4000244140625,-0.004647758964528403,716.3099975585938,-0.002853705432890319,0.03501906763727991,16.459999084472656,0.04707371532276139,0.0,0.0,0.0,0.0,0
2026-09-09,COST,902.5999755859375,-0.008328041871761838,762.4000244140625,-0.004647758964528403,716.3099975585938,-0.002853705432890319,-0.003680282907233434,16.459999084472656,0.04707371532276139,2.0,0.0,2.0,0.15000000000000002,0
2026-09-09,GOOGL,330.6499938964844,-0.022786357101497345,762.4000244140625,-0.004647758964528403,716.3099975585938,-0.002853705432890319,-0.018138598136968942,16.459999084472656,0.04707371532276139,0.0,0.0,0.0,0.0,1
2026-09-09,NVDA,223.4199981689453,-0.009125929338658634,762.4000244140625,-0.004647758964528403,716.3099975585938,-0.002853705432890319,-0.00447817037413023,16.459999084472656,0.04707371532276139,0.0,0.0,0.0,0.0,0
2026-09-09,TSLA,367.80999755859375,-0.0009506901891408459,762.4000244140625,-0.004647758964528403,716.3099975585938,-0.002853705432890319,0.0036970687753875575,16.459999084472656,0.04707371532276139,0.0,0.0,0.0,0.0,0
2026-09-10,AMD,503.6000061035156,-0.03358274861315136,757.8300170898438,-0.005994238166152965,708.6900024414062,-0.010637845546144553,-0.027588510446998393,17.84000015258789,0.08383968073346026,7.0,1.0,6.0,0.5125,1
2026-09-10,COST,902.3800048828125,-0.00024370785406035989,757.8300170898438,-0.005994238166152965,708.6900024414062,-0.010637845546144553,0.0057505303120926055,17.84000015258789,0.08383968073346026,3.0,4.0,-1.0,0.0375,1
2026-09-10,GOOGL,332.6000061035156,0.0058975116982513676,757.8300170898438,-0.005994238166152965,708.6900024414062,-0.010637845546144553,0.011891749864404333,17.84000015258789,0.08383968073346026,6.0,2.0,4.0,0.3,1
2026-09-10,NVDA,218.36000061035156,-0.0226479169280428,757.8300170898438,-0.005994238166152965,708.6900024414062,-0.010637845546144553,-0.016653678761889834,17.84000015258789,0.08383968073346026,6.0,0.0,6.0,0.3,0
2026-09-10,TSLA,363.55999755859375,-0.011554878954379011,757.8300170898438,-0.005994238166152965,708.6900024414062,-0.010637845546144553,-0.005560640788226046,17.84000015258789,0.08383968073346026,2.0,3.0,-1.0,-0.125,1
2026-09-11,AMD,516.1300048828125,0.024880855098165622,764.2899780273438,0.008524287494320992,714.8800048828125,0.008734428904149771,0.01635656760384463,15.84000015258789,-0.11210762235951421,0.0,0.0,0.0,0.0,0
2026-09-11,COST,904.77001953125,0.0026485678267527124,764.2899780273438,0.008524287494320992,714.8800048828125,0.008734428904149771,-0.00587571966756828,15.84000015258789,-0.11210762235951421,0.0,0.0,0.0,0.0,1
2026-09-11,GOOGL,338.5,0.01773900718043908,764.2899780273438,0.008524287494320992,714.8800048828125,0.008734428904149771,0.009214719686118089,15.84000015258789,-0.11210762235951421,0.0,0.0,0.0,0.0,1
2026-09-11,NVDA,218.2899932861328,-0.00032060507429509943,764.2899780273438,0.008524287494320992,714.8800048828125,0.008734428904149771,-0.008844892568616092,15.84000015258789,-0.11210762235951421,0.0,0.0,0.0,0.0,0
2026-09-11,TSLA,365.44000244140625,0.0051710993933249405,764.2899780273438,0.008524287494320992,714.8800048828125,0.008734428904149771,-0.003353188100996052,15.84000015258789,-0.11210762235951421,0.0,0.0,0.0,0.0,0
2026-09-14,AMD,493.4100036621094,-0.04401991941131522,760.8800048828125,-0.00446162221482016,709.1799926757812,-0.007973383180531979,-0.03955829719649506,17.100000381469727,0.07954546822879793,0.0,0.0,0.0,0.0,1
2026-09-14,COST,918.9099731445312,0.01562822961420296,760.8800048828125,-0.00446162221482016,709.1799926757812,-0.007973383180531979,0.02008985182902312,17.100000381469727,0.07954546822879793,0.0,0.0,0.0,0.0,0
2026-09-14,GOOGL,349.3900146484375,0.032171387439992705,760.8800048828125,-0.00446162221482016,709.1799926757812,-0.007973383180531979,0.036633009654812865,17.100000381469727,0.07954546822879793,0.0,0.0,0.0,0.0,0
2026-09-14,NVDA,210.9600067138672,-0.03357912317427003,760.8800048828125,-0.00446162221482016,709.1799926757812,-0.007973383180531979,-0.02911750095944987,17.100000381469727,0.07954546822879793,0.0,0.0,0.0,0.0,1
2026-09-14,TSLA,358.9700012207031,-0.01770468798565783,760.8800048828125,-0.00446162221482016,709.1799926757812,-0.007973383180531979,-0.01324306577083767,17.100000381469727,0.07954546822879793,0.0,0.0,0.0,0.0,0
2026-09-15,AMD,504.20001220703125,0.02186824033732182,757.3900146484375,-0.004586781374170235,704.5399780273438,-0.006542788426574742,0.026455021711492055,17.200000762939453,0.005847975394087879,0.0,0.0,0.0,0.0,0
2026-09-15,COST,901.3499755859375,-0.01910959514184296,757.3900146484375,-0.004586781374170235,704.5399780273438,-0.006542788426574742,-0.014522813767672726,17.200000762939453,0.005847975394087879,0.0,0.0,0.0,0.0,0
2026-09-15,GOOGL,344.9800109863281,-0.012622008292214049,757.3900146484375,-0.004586781374170235,704.5399780273438,-0.006542788426574742,-0.008035226918043814,17.200000762939453,0.005847975394087879,0.0,0.0,0.0,0.0,0
2026-09-15,NVDA,212.1699981689453,0.005735643802473378,757.3900146484375,-0.004586781374170235,704.5399780273438,-0.006542788426574742,0.010322425176643613,17.200000762939453,0.005847975394087879,0.0,0.0,0.0,0.0,0
2026-09-15,TSLA,356.5799865722656,-0.006657978773463191,757.3900146484375,-0.004586781374170235,704.5399780273438,-0.006542788426574742,-0.0020711973992929567,17.200000762939453,0.005847975394087879,0.0,0.0,0.0,0.0,0
